{"stats":{"minecraft:crafted":{"minecraft:oak_planks":124,"minecraft:oak_sign":3,"minecraft:iron_nugget":9,"minecraft:cooked_chicken":1,"minecraft:furnace":2,"minecraft:iron_axe":1,"minecraft:oak_button":12,"realisticforgingores:smithing_stone_hammer":4,"minecraft:wooden_shovel":1,"minecraft:crafting_table":2,"minecraft:wooden_pickaxe":1,"minecraft:baked_potato":12,"minecraft:iron_sword":2,"minecraft:bucket":1,"minecraft:bread":1,"minecraft:air":0,"minecraft:wooden_hoe":1,"minecraft:shield":1,"realisticforgingores:blacksmithstongs":1,"minecraft:stick":72},"minecraft:broken":{"minecraft:wooden_shovel":1,"minecraft:iron_pickaxe":1,"minecraft:bow":1},"minecraft:dropped":{"minecraft:crafting_table":2,"minecraft:rooted_dirt":1,"quark:violet_corundum_cluster":1,"minecraft:wooden_hoe":1,"create:raw_zinc":10,"artifacts:digging_claws":1,"quark:blossom_planks_slab":1,"alexsmobs:centipede_leg":1,"artifacts:kitty_slippers":1,"minecraft:oak_planks":53,"sophisticatedbackpacks:backpack":1,"minecraft:oak_button":12,"quark:forgotten_hat":2,"minecraft:bow":1},"minecraft:killed_by":{"minecraft:player":2,"minecraft:creeper":2,"minecraft:zombie":1},"minecraft:mined":{"create:zinc_ore":7,"create:deepslate_zinc_ore":3,"minecraft:tuff":1,"minecraft:farmland":4,"minecraft:deepslate_diamond_ore":5,"minecraft:granite":11,"minecraft:grass_block":49,"minecraft:rooted_dirt":9,"minecraft:furnace":1,"minecraft:fire":2,"minecraft:iron_ore":28,"minecraft:cobbled_deepslate":1,"minecraft:oak_sign":2,"minecraft:deepslate_iron_ore":32,"minecraft:dirt_path":17,"minecraft:stone":85,"quark:blossom_planks_slab":1,"minecraft:crafting_table":1,"minecraft:tall_grass":5,"minecraft:cobblestone":27,"realistictorches:torch_wall":2,"minecraft:deepslate_gold_ore":16,"minecraft:oak_planks":10,"minecraft:sweet_berry_bush":4,"minecraft:wheat":5,"minecraft:grass":36,"minecraft:oak_log":32,"minecraft:coal_ore":4,"minecraft:beetroots":2,"minecraft:dirt":11,"minecraft:gold_ore":8,"quark:violet_corundum_cluster":1,"minecraft:oak_leaves":5,"minecraft:deepslate":15},"minecraft:killed":{"minecraft:spider":14,"quark:forgotten":2,"minecraft:skeleton":18,"minecraft:chicken":2,"sleep_tight:bedbug":2,"minecraft:creeper":14,"minecraft:zombie":50},"minecraft:used":{"minecraft:oak_fence":1,"minecraft:oak_sign":3,"minecraft:shield":25,"minecraft:iron_sword":172,"minecraft:wooden_shovel":66,"minecraft:cooked_chicken":1,"minecraft:rotten_flesh":14,"minecraft:dirt":38,"minecraft:carrot":9,"minecraft:granite":1,"minecraft:rooted_dirt":2,"minecraft:iron_axe":40,"minecraft:iron_helmet":1,"minecraft:deepslate_diamond_ore":2,"minecraft:bow":2,"minecraft:sweet_berries":55,"minecraft:furnace":2,"minecraft:beetroot_seeds":9,"minecraft:egg":1,"minecraft:potato":5,"minecraft:cobbled_deepslate":6,"minecraft:wheat_seeds":23,"minecraft:water_bucket":11,"minecraft:leather_leggings":2,"minecraft:baked_potato":12,"quark:forgotten_hat":3,"minecraft:crafting_table":2,"minecraft:wooden_hoe":38,"minecraft:bread":1,"minecraft:iron_pickaxe":246,"minecraft:cobblestone":26,"minecraft:bucket":12,"alexsmobs:animal_dictionary":2,"realistictorches:unlit_torch":2},"minecraft:picked_up":{"realisticforgingores:rawgoldore":57,"minecraft:iron_chestplate":3,"minecraft:crafting_table":6,"minecraft:wheat":19,"minecraft:chicken":1,"minecraft:clay_ball":50,"minecraft:leather_leggings":4,"minecraft:golden_pickaxe":2,"minecraft:wooden_pickaxe":1,"minecraft:shield":3,"minecraft:string":6,"minecraft:iron_axe":5,"minecraft:wooden_sword":1,"minecraft:iron_leggings":4,"additionaladditions:chicken_nugget":5,"realisticforgingores:smithing_stone_hammer":4,"minecraft:oak_sign":2,"minecraft:beetroot":8,"minecraft:cobbled_deepslate":82,"realistictorches:matchbox":1,"minecraft:deepslate_diamond_ore":5,"minecraft:iron_pickaxe":4,"minecraft:egg":1,"minecraft:iron_boots":3,"minecraft:furnace":1,"minecraft:stick":66,"minecraft:oak_fence":1,"sophisticatedbackpacks:backpack":4,"quark:blossom_log":33,"quark:blossom_planks_slab":1,"minecraft:diorite":1,"minecraft:carrot":14,"minecraft:redstone":36,"alexsmobs:centipede_leg":4,"minecraft:rotten_flesh":41,"minecraft:arrow":17,"minecraft:beetroot_seeds":24,"quark:violet_corundum_cluster":1,"realistictorches:lit_torch":14,"sophisticatedbackpacks:copper_backpack":1,"minecraft:glow_berries":4,"minecraft:cobblestone":242,"artifacts:digging_claws":1,"minecraft:water_bucket":2,"minecraft:leather":2,"minecraft:potato":20,"minecraft:flint":1,"create:raw_zinc":10,"minecraft:tuff":1,"minecraft:oak_log":31,"sleep_tight:hammock_white":1,"realisticforgingores:blacksmithstongs":1,"minecraft:gunpowder":5,"realisticforgingores:purerawgoldore":57,"minecraft:lapis_lazuli":4,"minecraft:dirt":127,"quark:forgotten_hat":3,"artifacts:shock_pendant":2,"realisticforgingores:raw_iron_ore":145,"minecraft:bone":13,"minecraft:bow":2,"minecraft:wheat_seeds":121,"minecraft:iron_ingot":10,"minecraft:cobweb":14,"artifacts:kitty_slippers":2,"minecraft:iron_sword":3,"minecraft:oak_planks":201,"minecraft:sweet_berries":108,"minecraft:ink_sac":2,"minecraft:spider_eye":2,"alexsmobs:animal_dictionary":1,"realisticforgingores:cleanedironore":72,"realistictorches:unlit_torch":3,"minecraft:iron_helmet":1,"minecraft:granite":10,"minecraft:bread":1,"minecraft:oak_button":12,"alexsmobs:maggot":2,"minecraft:rooted_dirt":24,"minecraft:baked_potato":5,"minecraft:oak_sapling":1,"minecraft:coal":77},"minecraft:custom":{"minecraft:mob_kills":56,"minecraft:inspect_hopper":1,"minecraft:interact_with_crafting_table":31,"minecraft:open_barrel":3,"minecraft:leave_game":5,"minecraft:time_since_death":100671,"minecraft:climb_one_cm":2931,"minecraft:sprint_one_cm":334707,"minecraft:walk_one_cm":712796,"minecraft:damage_blocked_by_shield":1150,"minecraft:drop":16,"minecraft:play_time":258454,"minecraft:deaths":6,"minecraft:sneak_time":12928,"minecraft:walk_under_water_one_cm":16021,"minecraft:jump":1785,"astikorcarts:cart_one_cm":66240,"minecraft:interact_with_blast_furnace":2,"minecraft:walk_on_water_one_cm":30718,"minecraft:total_world_time":258454,"minecraft:interact_with_furnace":59,"minecraft:interact_with_grindstone":2,"minecraft:sleep_in_bed":8,"minecraft:time_since_rest":1437,"minecraft:damage_taken":2861,"minecraft:damage_dealt":11315,"minecraft:swim_one_cm":6201,"minecraft:fly_one_cm":323918,"minecraft:open_chest":139,"minecraft:crouch_one_cm":29854,"minecraft:fall_one_cm":40211}},"DataVersion":3465}