{"stats":{"minecraft:crafted":{"minecraft:oak_planks":124,"minecraft:oak_sign":3,"minecraft:iron_nugget":9,"minecraft:cooked_chicken":1,"minecraft:furnace":2,"minecraft:iron_axe":1,"minecraft:oak_button":12,"realisticforgingores:smithing_stone_hammer":3,"minecraft:wooden_shovel":1,"minecraft:crafting_table":2,"minecraft:wooden_pickaxe":1,"minecraft:baked_potato":12,"minecraft:iron_sword":2,"minecraft:bucket":1,"minecraft:bread":1,"minecraft:air":0,"minecraft:wooden_hoe":1,"minecraft:shield":1,"realisticforgingores:blacksmithstongs":1,"minecraft:stick":72},"minecraft:broken":{"minecraft:wooden_shovel":1},"minecraft:dropped":{"minecraft:crafting_table":2,"minecraft:rooted_dirt":1,"quark:violet_corundum_cluster":1,"minecraft:wooden_hoe":1,"create:raw_zinc":10,"artifacts:digging_claws":1,"quark:blossom_planks_slab":1,"alexsmobs:centipede_leg":1,"artifacts:kitty_slippers":1,"minecraft:oak_planks":53,"sophisticatedbackpacks:backpack":1,"minecraft:oak_button":12,"quark:forgotten_hat":2},"minecraft:killed_by":{"minecraft:player":2,"minecraft:creeper":2,"minecraft:zombie":1},"minecraft:mined":{"create:zinc_ore":7,"create:deepslate_zinc_ore":3,"minecraft:tuff":1,"minecraft:farmland":4,"minecraft:deepslate_diamond_ore":5,"minecraft:granite":11,"minecraft:grass_block":45,"minecraft:rooted_dirt":9,"minecraft:furnace":1,"minecraft:fire":2,"minecraft:iron_ore":28,"minecraft:cobbled_deepslate":1,"minecraft:oak_sign":1,"minecraft:deepslate_iron_ore":32,"minecraft:dirt_path":17,"minecraft:stone":60,"quark:blossom_planks_slab":1,"minecraft:crafting_table":1,"minecraft:tall_grass":5,"minecraft:cobblestone":27,"realistictorches:torch_wall":1,"minecraft:deepslate_gold_ore":16,"minecraft:oak_planks":10,"minecraft:sweet_berry_bush":3,"minecraft:wheat":5,"minecraft:grass":36,"minecraft:oak_log":32,"minecraft:coal_ore":4,"minecraft:beetroots":2,"minecraft:dirt":3,"minecraft:gold_ore":8,"quark:violet_corundum_cluster":1,"minecraft:oak_leaves":3,"minecraft:deepslate":15},"minecraft:killed":{"minecraft:spider":14,"quark:forgotten":2,"minecraft:skeleton":14,"minecraft:chicken":2,"sleep_tight:bedbug":2,"minecraft:creeper":14,"minecraft:zombie":50},"minecraft:used":{"minecraft:oak_sign":3,"minecraft:shield":24,"minecraft:iron_sword":161,"minecraft:wooden_shovel":66,"minecraft:cooked_chicken":1,"minecraft:rotten_flesh":14,"minecraft:dirt":10,"minecraft:carrot":9,"minecraft:granite":1,"minecraft:rooted_dirt":2,"minecraft:iron_axe":39,"minecraft:iron_helmet":1,"minecraft:deepslate_diamond_ore":2,"minecraft:sweet_berries":30,"minecraft:furnace":2,"minecraft:beetroot_seeds":9,"minecraft:egg":1,"minecraft:potato":5,"minecraft:cobbled_deepslate":6,"minecraft:wheat_seeds":23,"minecraft:water_bucket":7,"minecraft:leather_leggings":2,"minecraft:baked_potato":12,"quark:forgotten_hat":3,"minecraft:crafting_table":2,"minecraft:wooden_hoe":38,"minecraft:bread":1,"minecraft:iron_pickaxe":221,"minecraft:cobblestone":26,"minecraft:bucket":8,"alexsmobs:animal_dictionary":2,"realistictorches:unlit_torch":1},"minecraft:picked_up":{"realisticforgingores:rawgoldore":57,"minecraft:iron_chestplate":3,"minecraft:crafting_table":6,"minecraft:wheat":12,"minecraft:chicken":1,"minecraft:clay_ball":50,"minecraft:leather_leggings":4,"minecraft:golden_pickaxe":2,"minecraft:wooden_pickaxe":1,"minecraft:shield":3,"minecraft:string":6,"minecraft:iron_axe":5,"minecraft:wooden_sword":1,"minecraft:iron_leggings":4,"additionaladditions:chicken_nugget":5,"realisticforgingores:smithing_stone_hammer":4,"minecraft:oak_sign":1,"minecraft:beetroot":6,"minecraft:cobbled_deepslate":82,"realistictorches:matchbox":1,"minecraft:deepslate_diamond_ore":5,"minecraft:iron_pickaxe":4,"minecraft:egg":1,"minecraft:iron_boots":3,"minecraft:furnace":1,"minecraft:stick":66,"sophisticatedbackpacks:backpack":4,"quark:blossom_log":33,"quark:blossom_planks_slab":1,"minecraft:diorite":1,"minecraft:carrot":10,"minecraft:redstone":36,"alexsmobs:centipede_leg":4,"minecraft:rotten_flesh":35,"minecraft:arrow":15,"minecraft:beetroot_seeds":16,"quark:violet_corundum_cluster":1,"realistictorches:lit_torch":14,"sophisticatedbackpacks:copper_backpack":1,"minecraft:glow_berries":4,"minecraft:cobblestone":217,"artifacts:digging_claws":1,"minecraft:water_bucket":2,"minecraft:leather":1,"minecraft:potato":20,"minecraft:flint":1,"create:raw_zinc":10,"minecraft:tuff":1,"minecraft:oak_log":31,"sleep_tight:hammock_white":1,"realisticforgingores:blacksmithstongs":1,"minecraft:gunpowder":3,"realisticforgingores:purerawgoldore":57,"minecraft:lapis_lazuli":4,"minecraft:dirt":100,"quark:forgotten_hat":3,"artifacts:shock_pendant":2,"realisticforgingores:raw_iron_ore":145,"minecraft:bone":10,"minecraft:wheat_seeds":93,"minecraft:iron_ingot":10,"minecraft:cobweb":14,"artifacts:kitty_slippers":2,"minecraft:iron_sword":3,"minecraft:oak_planks":201,"minecraft:sweet_berries":55,"minecraft:spider_eye":2,"alexsmobs:animal_dictionary":1,"realisticforgingores:cleanedironore":72,"realistictorches:unlit_torch":1,"minecraft:iron_helmet":1,"minecraft:granite":10,"minecraft:bread":1,"minecraft:oak_button":12,"alexsmobs:maggot":2,"minecraft:rooted_dirt":24,"minecraft:baked_potato":5,"minecraft:coal":77},"minecraft:custom":{"minecraft:mob_kills":53,"minecraft:inspect_hopper":1,"minecraft:interact_with_crafting_table":28,"minecraft:leave_game":5,"minecraft:time_since_death":64671,"minecraft:climb_one_cm":2086,"minecraft:sprint_one_cm":296864,"minecraft:walk_one_cm":598541,"minecraft:damage_blocked_by_shield":1110,"minecraft:drop":15,"minecraft:play_time":222454,"minecraft:deaths":6,"minecraft:sneak_time":12167,"minecraft:walk_under_water_one_cm":11809,"minecraft:jump":1661,"astikorcarts:cart_one_cm":66240,"minecraft:interact_with_blast_furnace":2,"minecraft:walk_on_water_one_cm":24963,"minecraft:total_world_time":222454,"minecraft:interact_with_furnace":55,"minecraft:sleep_in_bed":7,"minecraft:time_since_rest":58734,"minecraft:damage_taken":2732,"minecraft:damage_dealt":10740,"minecraft:swim_one_cm":4546,"minecraft:fly_one_cm":190699,"minecraft:open_chest":116,"minecraft:crouch_one_cm":28027,"minecraft:fall_one_cm":39375}},"DataVersion":3465}