{"stats":{"minecraft:used":{"alexsmobs:animal_dictionary":1},"minecraft:mined":{"minecraft:grass":5,"minecraft:oak_log":3,"minecraft:tall_grass":3,"minecraft:sugar_cane":4,"minecraft:oak_leaves":2},"minecraft:killed":{"minecraft:zombie":2,"minecraft:chicken":2},"minecraft:killed_by":{"minecraft:skeleton":1,"minecraft:giant":3,"minecraft:zombie":3},"minecraft:picked_up":{"minecraft:feather":2,"minecraft:chicken":1,"minecraft:oak_log":2,"minecraft:sugar_cane":7,"minecraft:white_wool":6},"minecraft:custom":{"minecraft:time_since_rest":9903,"minecraft:damage_taken":1930,"minecraft:crouch_one_cm":125,"minecraft:play_time":22582,"minecraft:sprint_one_cm":84274,"minecraft:deaths":7,"minecraft:walk_one_cm":28176,"minecraft:sneak_time":102,"minecraft:walk_under_water_one_cm":972,"minecraft:mob_kills":2,"minecraft:jump":200,"minecraft:damage_dealt":370,"minecraft:leave_game":3,"minecraft:time_since_death":9871,"minecraft:walk_on_water_one_cm":9416,"minecraft:total_world_time":22582,"minecraft:swim_one_cm":6704,"minecraft:fall_one_cm":4069,"minecraft:fly_one_cm":34145}},"DataVersion":3465}