{"stats":{"minecraft:used":{"alexsmobs:animal_dictionary":1},"minecraft:mined":{"minecraft:grass":5,"minecraft:oak_log":3,"minecraft:tall_grass":3,"minecraft:sugar_cane":4,"minecraft:oak_leaves":2},"minecraft:killed":{"minecraft:chicken":2},"minecraft:killed_by":{"minecraft:skeleton":1,"minecraft:giant":3,"minecraft:zombie":3},"minecraft:picked_up":{"minecraft:feather":2,"minecraft:chicken":1,"minecraft:oak_log":2,"minecraft:sugar_cane":7,"minecraft:white_wool":1},"minecraft:custom":{"minecraft:time_since_rest":1677,"minecraft:damage_taken":1870,"minecraft:sprint_one_cm":52789,"minecraft:play_time":14356,"minecraft:deaths":7,"minecraft:walk_one_cm":20548,"minecraft:sneak_time":8,"minecraft:walk_under_water_one_cm":708,"minecraft:mob_kills":1,"minecraft:jump":140,"minecraft:damage_dealt":266,"minecraft:leave_game":1,"minecraft:walk_on_water_one_cm":5158,"minecraft:time_since_death":1645,"minecraft:total_world_time":14356,"minecraft:swim_one_cm":4630,"minecraft:fall_one_cm":2771,"minecraft:fly_one_cm":23411}},"DataVersion":3465}