{"stats":{"minecraft:crafted":{"minecraft:wooden_sword":1,"minecraft:oak_planks":44,"minecraft:crafting_table":1,"minecraft:stick":8,"minecraft:wooden_pickaxe":1,"realisticforgingores:two_sticks":1},"minecraft:dropped":{"minecraft:wheat_seeds":23,"minecraft:rotten_flesh":2},"minecraft:custom":{"minecraft:time_since_rest":26349,"minecraft:sprint_one_cm":20266,"minecraft:damage_taken":250,"minecraft:walk_one_cm":88901,"minecraft:mob_kills":13,"minecraft:drop":22,"minecraft:damage_dealt":1538,"minecraft:interact_with_crafting_table":3,"minecraft:fly_one_cm":7914,"minecraft:crouch_one_cm":13093,"minecraft:play_time":26349,"minecraft:sneak_time":3823,"minecraft:jump":86,"minecraft:leave_game":1,"minecraft:time_since_death":26349,"minecraft:total_world_time":26349,"minecraft:fall_one_cm":1445},"minecraft:killed":{"minecraft:sheep":12,"minecraft:zombie":6,"minecraft:pig":2,"minecraft:cow":4},"minecraft:mined":{"minecraft:crafting_table":1,"minecraft:grass":342,"minecraft:oak_log":10,"minecraft:tall_grass":45,"minecraft:oak_planks":2,"minecraft:oak_leaves":3},"minecraft:used":{"minecraft:oak_planks":2,"minecraft:wooden_sword":9,"minecraft:mutton":9,"minecraft:beef":3,"minecraft:crafting_table":1},"minecraft:picked_up":{"minecraft:crafting_table":1,"minecraft:leather":3,"minecraft:porkchop":3,"minecraft:oak_log":11,"minecraft:dirt":33,"minecraft:rotten_flesh":2,"additionaladditions:chicken_nugget":1,"minecraft:wheat_seeds":42,"minecraft:beef":3,"minecraft:oak_sapling":2,"minecraft:mutton":9,"minecraft:oak_planks":2,"minecraft:white_wool":11,"minecraft:egg":1}},"DataVersion":3465}