{"stats":{"minecraft:crafted":{"minecraft:wooden_sword":2,"minecraft:oak_planks":104,"minecraft:fishing_rod":1,"minecraft:iron_nugget":9,"minecraft:cooked_chicken":2,"realisticforgingores:two_sticks":14,"minecraft:furnace":1,"realisticforgingores:smithing_hammer":1,"minecraft:flint_and_steel":1,"minecraft:hopper":1,"minecraft:iron_boots":1,"minecraft:iron_axe":1,"minecraft:stone_pickaxe":1,"realistictorches:unlit_torch":48,"realisticforgingores:smithing_stone_hammer":1,"minecraft:crafting_table":3,"minecraft:wooden_pickaxe":1,"minecraft:iron_helmet":1,"minecraft:iron_sword":1,"minecraft:bucket":1,"minecraft:pumpkin_seeds":28,"minecraft:stone_axe":1,"minecraft:air":0,"realisticforgingores:hotrawironore":20,"minecraft:wooden_hoe":2,"minecraft:iron_chestplate":1,"minecraft:shield":1,"realisticforgingores:blacksmithstongs":1,"minecraft:stick":68,"quark:oak_chest":2,"minecraft:iron_pickaxe":2,"minecraft:stone_sword":1,"minecraft:iron_leggings":1,"minecraft:white_bed":1},"minecraft:dropped":{"minecraft:wheat_seeds":67,"minecraft:dirt":1,"realisticforgingores:raw_iron_ore":64,"minecraft:stone_axe":1,"minecraft:stone_sword":1,"minecraft:rotten_flesh":5,"minecraft:pumpkin_seeds":12,"realisticforgingores:smithing_stone_hammer":1,"minecraft:spider_eye":1},"minecraft:custom":{"minecraft:mob_kills":75,"minecraft:interact_with_crafting_table":47,"minecraft:damage_dealt_resisted":126,"minecraft:leave_game":2,"minecraft:time_since_death":139828,"minecraft:sprint_one_cm":108263,"minecraft:walk_one_cm":498347,"minecraft:damage_blocked_by_shield":330,"minecraft:drop":150,"minecraft:talked_to_villager":6,"minecraft:play_time":139828,"minecraft:sneak_time":11733,"minecraft:walk_under_water_one_cm":3609,"minecraft:jump":1304,"minecraft:walk_on_water_one_cm":3485,"minecraft:total_world_time":139828,"minecraft:interact_with_furnace":70,"minecraft:sleep_in_bed":7,"minecraft:time_since_rest":9995,"minecraft:damage_taken":1018,"minecraft:damage_dealt":10520,"minecraft:swim_one_cm":6003,"minecraft:fly_one_cm":137541,"minecraft:open_chest":50,"minecraft:crouch_one_cm":30663,"minecraft:fall_one_cm":24315},"minecraft:killed":{"minecraft:spider":14,"minecraft:skeleton":6,"minecraft:chicken":14,"alexsmobs:bison":2,"minecraft:pig":12,"minecraft:creeper":4,"minecraft:sheep":14,"alexsmobs:catfish":2,"minecraft:zombie":50,"alexsmobs:crow":2,"alexsmobs:fly":6,"minecraft:cow":14},"minecraft:mined":{"minecraft:white_bed":1,"minecraft:oak_door":1,"minecraft:grass_block":25,"minecraft:furnace":5,"minecraft:iron_ore":17,"minecraft:fire":1,"minecraft:pumpkin":7,"minecraft:azure_bluet":5,"minecraft:stone":79,"realisticforgingores:big_stone":2,"minecraft:dandelion":2,"minecraft:crafting_table":6,"minecraft:emerald_ore":1,"minecraft:tall_grass":97,"minecraft:copper_ore":12,"minecraft:cobblestone":4,"realistictorches:torch_wall":3,"minecraft:oak_planks":3,"minecraft:wheat":1,"minecraft:pumpkin_stem":1,"minecraft:grass":766,"minecraft:oak_log":47,"minecraft:coal_ore":201,"minecraft:gravel":24,"minecraft:dirt":5,"minecraft:oak_leaves":10},"minecraft:used":{"realisticforgingores:big_stone":2,"minecraft:stone_sword":111,"minecraft:flint_and_steel":2,"minecraft:shield":14,"minecraft:iron_sword":55,"minecraft:cooked_chicken":1,"minecraft:iron_chestplate":1,"minecraft:oak_door":1,"minecraft:dirt":16,"minecraft:mutton":11,"minecraft:hopper":1,"minecraft:azure_bluet":5,"minecraft:iron_axe":36,"minecraft:iron_helmet":1,"minecraft:iron_boots":1,"minecraft:beef":11,"minecraft:furnace":5,"minecraft:wheat_seeds":49,"alexsmobs:raw_catfish":1,"minecraft:water_bucket":11,"minecraft:stone_pickaxe":34,"minecraft:oak_planks":12,"minecraft:wooden_pickaxe":6,"minecraft:crafting_table":8,"minecraft:white_bed":1,"minecraft:pumpkin_seeds":1,"minecraft:wooden_hoe":69,"minecraft:apple":7,"minecraft:bread":11,"minecraft:iron_pickaxe":295,"minecraft:gravel":21,"minecraft:stone_axe":20,"minecraft:fishing_rod":1,"minecraft:wooden_sword":69,"minecraft:cobblestone":10,"minecraft:porkchop":5,"minecraft:bucket":11,"quark:oak_chest":1,"alexsmobs:animal_dictionary":1,"minecraft:dandelion":2,"realistictorches:unlit_torch":41},"minecraft:broken":{"minecraft:wooden_sword":1,"minecraft:iron_pickaxe":1,"minecraft:wooden_hoe":1},"minecraft:picked_up":{"minecraft:crafting_table":6,"minecraft:azure_bluet":6,"minecraft:chicken":7,"minecraft:string":6,"additionaladditions:chicken_nugget":1,"minecraft:beef":18,"minecraft:egg":6,"minecraft:furnace":5,"minecraft:stick":4,"realisticforgingores:big_stone":2,"minecraft:oak_door":1,"minecraft:porkchop":12,"minecraft:arrow":3,"minecraft:rotten_flesh":27,"minecraft:mutton":11,"minecraft:emerald_ore":1,"minecraft:white_wool":13,"minecraft:cobblestone":97,"minecraft:feather":9,"minecraft:leather":7,"minecraft:flint":3,"realisticforgingores:copperore":31,"minecraft:oak_log":47,"minecraft:gunpowder":1,"minecraft:dirt":104,"realisticforgingores:raw_iron_ore":104,"minecraft:bone":6,"minecraft:bow":1,"minecraft:wheat_seeds":118,"minecraft:oak_planks":3,"additionaladditions:fried_egg":1,"minecraft:pumpkin":7,"minecraft:dandelion":2,"minecraft:gravel":21,"minecraft:ink_sac":1,"minecraft:white_bed":1,"minecraft:spider_eye":1,"alexsmobs:raw_catfish":1,"minecraft:pumpkin_seeds":3,"realistictorches:unlit_torch":3,"alexsmobs:maggot":4,"minecraft:oak_sapling":4,"minecraft:coal":211}},"DataVersion":3465}