{"stats":{"minecraft:broken":{"minecraft:wooden_sword":1},"minecraft:crafted":{"minecraft:cooked_beef":2,"minecraft:wooden_sword":1,"minecraft:oak_planks":104,"minecraft:crafting_table":2,"minecraft:iron_nugget":9,"minecraft:wooden_pickaxe":1,"minecraft:iron_helmet":10,"minecraft:iron_sword":1,"minecraft:furnace":1,"realisticforgingores:smithing_hammer":1,"minecraft:stone_axe":1,"minecraft:bread":84,"minecraft:air":0,"minecraft:flint_and_steel":1,"realisticforgingores:smithing_wood_hammer":1,"minecraft:iron_chestplate":1,"minecraft:iron_boots":2,"minecraft:charcoal":3,"minecraft:shield":1,"minecraft:iron_axe":1,"minecraft:stick":16,"quark:oak_chest":2,"minecraft:iron_ingot":1,"minecraft:iron_pickaxe":1,"minecraft:stone_pickaxe":1,"minecraft:iron_leggings":1,"minecraft:wheat":252},"minecraft:dropped":{"minecraft:bread":13,"minecraft:stone_axe":2,"minecraft:sugar_cane":30,"minecraft:wheat_seeds":5,"minecraft:cooked_beef":2,"minecraft:feather":1,"minecraft:rotten_flesh":3,"alexsmobs:raw_catfish":1,"minecraft:poppy":1,"minecraft:hay_block":26,"minecraft:spider_eye":1,"minecraft:stone_pickaxe":1,"minecraft:egg":18},"minecraft:used":{"quark:blossom_log":3,"minecraft:flint_and_steel":1,"minecraft:stone_pickaxe":106,"minecraft:oak_planks":3,"minecraft:wooden_pickaxe":6,"minecraft:shield":22,"minecraft:iron_sword":102,"minecraft:sugar_cane":6,"minecraft:dirt":32,"minecraft:crafting_table":8,"minecraft:carrot":1,"minecraft:apple":6,"minecraft:bread":37,"minecraft:iron_axe":138,"minecraft:iron_pickaxe":6,"minecraft:iron_helmet":1,"minecraft:stone_axe":46,"minecraft:wooden_sword":62,"minecraft:cobblestone":44,"minecraft:furnace":1,"minecraft:beef":8,"minecraft:hay_block":2,"minecraft:oak_sapling":6,"minecraft:porkchop":6,"minecraft:yellow_bed":1,"quark:oak_chest":5,"minecraft:egg":1,"minecraft:iron_leggings":1},"minecraft:mined":{"minecraft:oak_sapling":1,"quark:yellow_blossom_leaves":13,"quark:oak_chest":3,"minecraft:crafting_table":7,"minecraft:grass_block":15,"quark:blossom_log":34,"minecraft:tall_grass":37,"minecraft:cobblestone":3,"minecraft:oak_planks":4,"minecraft:sugar_cane":11,"minecraft:diorite":33,"minecraft:hay_block":32,"minecraft:carrots":1,"minecraft:fire":1,"minecraft:yellow_bed":1,"minecraft:grass":68,"minecraft:oak_log":29,"minecraft:oak_stairs":1,"minecraft:gravel":1,"minecraft:dirt":19,"minecraft:stone":80,"realisticforgingores:big_stone":1,"minecraft:oak_leaves":8},"minecraft:killed":{"minecraft:pig":6,"minecraft:giant":2,"minecraft:spider":20,"minecraft:iron_golem":8,"minecraft:creeper":2,"minecraft:squid":2,"minecraft:sheep":8,"minecraft:horse":4,"minecraft:skeleton":10,"alexsmobs:catfish":2,"minecraft:pillager":4,"minecraft:zombie":32,"minecraft:chicken":10,"alexsmobs:fly":4,"alexsmobs:crow":4,"minecraft:cow":8},"minecraft:custom":{"minecraft:interact_with_furnace":22,"minecraft:mob_kills":63,"minecraft:interact_with_crafting_table":50,"minecraft:leave_game":3,"minecraft:time_since_death":74825,"minecraft:sleep_in_bed":11,"minecraft:climb_one_cm":1071,"minecraft:time_since_rest":28410,"minecraft:sprint_one_cm":256646,"minecraft:damage_taken":3332,"minecraft:walk_one_cm":392455,"minecraft:damage_blocked_by_shield":750,"minecraft:drop":79,"minecraft:damage_dealt":13621,"minecraft:swim_one_cm":25113,"minecraft:talked_to_villager":4,"minecraft:fly_one_cm":440947,"minecraft:open_chest":33,"minecraft:crouch_one_cm":40919,"minecraft:play_time":171342,"minecraft:deaths":1,"minecraft:sneak_time":10113,"minecraft:walk_under_water_one_cm":11230,"minecraft:jump":1241,"minecraft:walk_on_water_one_cm":13062,"minecraft:total_world_time":171342,"minecraft:fall_one_cm":46826},"minecraft:picked_up":{"minecraft:charcoal":1,"minecraft:iron_chestplate":1,"minecraft:crafting_table":8,"minecraft:feather":8,"minecraft:chicken":4,"minecraft:leather":10,"minecraft:oak_stairs":1,"minecraft:flint":1,"minecraft:oak_log":29,"minecraft:yellow_bed":1,"minecraft:shield":1,"minecraft:dirt":50,"minecraft:string":14,"minecraft:white_banner":1,"minecraft:iron_axe":1,"minecraft:iron_leggings":1,"minecraft:bone":10,"additionaladditions:chicken_nugget":2,"minecraft:apple":2,"minecraft:bow":1,"minecraft:wheat_seeds":10,"minecraft:iron_ingot":26,"minecraft:beef":10,"minecraft:poppy":4,"minecraft:iron_pickaxe":1,"minecraft:sugar_cane":50,"minecraft:oak_planks":18,"minecraft:iron_boots":1,"minecraft:egg":20,"minecraft:stick":6,"realisticforgingores:big_stone":1,"realisticforgingores:smithing_hammer":1,"quark:blossom_log":26,"minecraft:porkchop":7,"minecraft:ink_sac":2,"minecraft:diorite":33,"minecraft:carrot":1,"quark:oak_chest":3,"minecraft:spider_eye":3,"alexsmobs:raw_catfish":1,"minecraft:arrow":12,"minecraft:rotten_flesh":7,"minecraft:stone_axe":1,"minecraft:hay_block":56,"relics:arrow_quiver":1,"minecraft:iron_helmet":2,"minecraft:bread":69,"alexsmobs:maggot":3,"minecraft:oak_sapling":5,"minecraft:mutton":6,"minecraft:white_wool":8,"minecraft:cobblestone":113}},"DataVersion":3465}