{"stats":{"minecraft:broken":{"minecraft:wooden_sword":1,"minecraft:iron_sword":1,"minecraft:iron_pickaxe":1},"minecraft:crafted":{"minecraft:wooden_sword":1,"minecraft:oak_planks":104,"minecraft:fishing_rod":1,"minecraft:iron_nugget":18,"realisticforgingores:two_sticks":3,"minecraft:furnace":1,"realisticforgingores:smithing_hammer":1,"minecraft:white_carpet":3,"minecraft:flint_and_steel":1,"minecraft:hopper":1,"minecraft:iron_boots":2,"minecraft:bow":1,"minecraft:iron_axe":1,"minecraft:stone_pickaxe":1,"realistictorches:unlit_torch":20,"minecraft:wheat":252,"sophisticatedbackpacks:iron_backpack":1,"minecraft:cooked_beef":2,"sophisticatedbackpacks:backpack":1,"minecraft:crafting_table":2,"minecraft:wooden_pickaxe":1,"minecraft:iron_helmet":10,"sleep_tight:hammock_white":1,"minecraft:iron_sword":1,"minecraft:stone_axe":1,"minecraft:bread":84,"minecraft:air":0,"realisticforgingores:hotrawironore":7,"realisticforgingores:smithing_wood_hammer":1,"minecraft:iron_chestplate":1,"minecraft:charcoal":3,"minecraft:shield":1,"realisticforgingores:blacksmithstongs":1,"minecraft:stick":40,"quark:oak_chest":5,"minecraft:iron_ingot":1,"minecraft:iron_pickaxe":2,"minecraft:iron_leggings":1},"minecraft:dropped":{"minecraft:bread":13,"minecraft:wheat_seeds":5,"minecraft:cooked_beef":2,"minecraft:iron_helmet":1,"minecraft:feather":2,"minecraft:cobblestone":4,"minecraft:leather":4,"minecraft:saddle":1,"alexsmobs:raw_catfish":1,"minecraft:dirt":5,"minecraft:stone_axe":3,"minecraft:sugar_cane":30,"minecraft:rotten_flesh":12,"minecraft:poppy":1,"minecraft:hay_block":26,"minecraft:andesite":15,"minecraft:spider_eye":1,"minecraft:stone_pickaxe":1,"minecraft:egg":27},"minecraft:used":{"realisticforgingores:big_stone":1,"sophisticatedbackpacks:iron_backpack":1,"minecraft:flint_and_steel":2,"minecraft:shield":43,"minecraft:iron_sword":276,"minecraft:dirt":42,"minecraft:hopper":1,"minecraft:carrot":1,"minecraft:iron_axe":141,"minecraft:iron_helmet":1,"minecraft:bow":46,"minecraft:beef":8,"minecraft:hay_block":2,"minecraft:oak_sapling":6,"minecraft:furnace":2,"minecraft:egg":3,"minecraft:iron_leggings":1,"quark:blossom_log":3,"minecraft:stone_pickaxe":106,"minecraft:oak_planks":3,"minecraft:wooden_pickaxe":6,"minecraft:sugar_cane":9,"minecraft:crafting_table":11,"minecraft:apple":6,"minecraft:bread":62,"minecraft:iron_pickaxe":293,"minecraft:stone_axe":46,"minecraft:wooden_sword":62,"minecraft:cobblestone":85,"minecraft:porkchop":6,"minecraft:yellow_bed":1,"quark:oak_chest":6,"realistictorches:unlit_torch":17},"minecraft:mined":{"create:zinc_ore":20,"minecraft:oak_sapling":1,"quark:yellow_blossom_leaves":13,"minecraft:grass_block":19,"sophisticatedbackpacks:iron_backpack":1,"minecraft:hay_block":42,"realistictorches:torch":1,"minecraft:carrots":1,"minecraft:iron_ore":15,"minecraft:fire":2,"minecraft:andesite":20,"minecraft:dirt_path":1,"minecraft:oak_stairs":1,"minecraft:stone":127,"realisticforgingores:big_stone":1,"quark:oak_chest":3,"minecraft:crafting_table":9,"quark:blossom_log":34,"minecraft:copper_ore":33,"minecraft:tall_grass":46,"minecraft:cobblestone":7,"minecraft:sugar_cane":13,"minecraft:oak_planks":4,"minecraft:diorite":33,"minecraft:yellow_bed":1,"minecraft:grass":107,"minecraft:coal_ore":147,"minecraft:oak_log":29,"minecraft:gravel":1,"minecraft:dirt":32,"minecraft:oak_leaves":13},"minecraft:killed":{"minecraft:giant":2,"minecraft:spider":38,"minecraft:horse":8,"minecraft:skeleton":50,"minecraft:chicken":14,"sleep_tight:bedbug":2,"minecraft:pig":6,"minecraft:zombie_villager":2,"minecraft:iron_golem":12,"minecraft:creeper":8,"minecraft:squid":2,"minecraft:sheep":8,"alexsmobs:catfish":4,"minecraft:pillager":4,"minecraft:zombie":66,"alexsmobs:fly":6,"alexsmobs:crow":4,"minecraft:cow":10},"minecraft:custom":{"minecraft:mob_kills":128,"minecraft:animals_bred":3,"minecraft:inspect_hopper":1,"minecraft:interact_with_crafting_table":70,"minecraft:leave_game":3,"minecraft:time_since_death":158825,"minecraft:climb_one_cm":1470,"minecraft:sprint_one_cm":337603,"minecraft:walk_one_cm":624098,"minecraft:damage_blocked_by_shield":1640,"minecraft:drop":106,"minecraft:damage_dealt_absorbed":120,"minecraft:talked_to_villager":7,"minecraft:play_time":255342,"minecraft:deaths":1,"minecraft:sneak_time":14967,"minecraft:walk_under_water_one_cm":16111,"minecraft:jump":1877,"minecraft:walk_on_water_one_cm":23656,"minecraft:total_world_time":255342,"minecraft:interact_with_furnace":47,"minecraft:sleep_in_bed":14,"minecraft:time_since_rest":6331,"minecraft:damage_taken":4316,"minecraft:damage_dealt":23743,"minecraft:swim_one_cm":28102,"minecraft:fly_one_cm":532326,"minecraft:open_chest":93,"minecraft:crouch_one_cm":54240,"minecraft:fall_one_cm":59854,"minecraft:horse_one_cm":95158},"minecraft:picked_up":{"minecraft:crafting_table":10,"minecraft:charcoal":1,"minecraft:iron_chestplate":1,"minecraft:chicken":6,"minecraft:oak_stairs":1,"minecraft:shield":1,"minecraft:string":18,"minecraft:iron_axe":1,"minecraft:iron_leggings":1,"additionaladditions:chicken_nugget":2,"minecraft:beef":13,"minecraft:poppy":7,"minecraft:iron_pickaxe":1,"minecraft:sugar_cane":52,"minecraft:furnace":1,"minecraft:egg":38,"minecraft:iron_boots":1,"minecraft:stick":6,"realisticforgingores:big_stone":1,"realisticforgingores:smithing_hammer":1,"sophisticatedbackpacks:backpack":1,"minecraft:porkchop":7,"quark:blossom_log":26,"minecraft:diorite":33,"minecraft:carrot":1,"minecraft:arrow":40,"minecraft:rotten_flesh":18,"relics:arrow_quiver":1,"minecraft:hay_block":66,"minecraft:saddle":3,"sophisticatedbackpacks:copper_backpack":2,"minecraft:mutton":6,"minecraft:cobblestone":168,"minecraft:white_wool":8,"minecraft:feather":9,"minecraft:andesite":20,"minecraft:leather":13,"minecraft:flint":1,"realisticforgingores:copperore":83,"create:raw_zinc":20,"minecraft:oak_log":29,"minecraft:yellow_bed":1,"minecraft:gunpowder":1,"minecraft:dirt":68,"minecraft:white_banner":1,"realisticforgingores:raw_iron_ore":38,"minecraft:bone":35,"minecraft:apple":2,"minecraft:bow":2,"minecraft:wheat_seeds":16,"minecraft:iron_ingot":32,"minecraft:iron_sword":1,"minecraft:oak_planks":18,"minecraft:gravel":1,"sophisticatedbackpacks:iron_backpack":1,"minecraft:ink_sac":4,"quark:oak_chest":3,"minecraft:spider_eye":4,"alexsmobs:raw_catfish":1,"minecraft:stone_axe":2,"realistictorches:unlit_torch":1,"minecraft:iron_helmet":3,"minecraft:granite":1,"minecraft:emerald":1,"minecraft:bread":69,"alexsmobs:maggot":4,"minecraft:oak_sapling":6,"minecraft:coal":147}},"DataVersion":3465}