{"stats":{"minecraft:crafted":{"minecraft:wooden_sword":2,"minecraft:oak_planks":84,"minecraft:fishing_rod":1,"minecraft:crafting_table":1,"minecraft:wooden_pickaxe":1,"realisticforgingores:two_sticks":9,"minecraft:bucket":1,"minecraft:pumpkin_seeds":28,"minecraft:stone_axe":1,"minecraft:air":0,"minecraft:flint_and_steel":1,"realisticforgingores:hotrawironore":8,"minecraft:wooden_hoe":2,"minecraft:shield":1,"minecraft:stick":52,"minecraft:iron_pickaxe":1,"minecraft:stone_pickaxe":1,"realistictorches:unlit_torch":48,"minecraft:stone_sword":1,"realisticforgingores:smithing_stone_hammer":1},"minecraft:dropped":{"minecraft:wheat_seeds":67,"minecraft:rotten_flesh":4,"minecraft:pumpkin_seeds":12,"minecraft:dirt":1},"minecraft:custom":{"minecraft:interact_with_furnace":24,"minecraft:mob_kills":53,"minecraft:interact_with_crafting_table":16,"minecraft:damage_dealt_resisted":126,"minecraft:leave_game":1,"minecraft:time_since_death":98349,"minecraft:sleep_in_bed":4,"minecraft:time_since_rest":6987,"minecraft:sprint_one_cm":92854,"minecraft:damage_taken":810,"minecraft:walk_one_cm":389610,"minecraft:damage_blocked_by_shield":310,"minecraft:drop":81,"minecraft:damage_dealt":8569,"minecraft:swim_one_cm":2574,"minecraft:talked_to_villager":2,"minecraft:fly_one_cm":119074,"minecraft:open_chest":12,"minecraft:crouch_one_cm":29493,"minecraft:play_time":98349,"minecraft:sneak_time":11143,"minecraft:walk_under_water_one_cm":2174,"minecraft:jump":1037,"minecraft:walk_on_water_one_cm":948,"minecraft:total_world_time":98349,"minecraft:fall_one_cm":16354},"minecraft:killed":{"minecraft:pig":4,"minecraft:spider":10,"minecraft:creeper":2,"minecraft:sheep":14,"minecraft:skeleton":6,"minecraft:zombie":48,"alexsmobs:fly":2,"alexsmobs:crow":2,"alexsmobs:bison":2,"minecraft:cow":6},"minecraft:mined":{"minecraft:white_bed":1,"minecraft:dandelion":1,"minecraft:crafting_table":5,"minecraft:emerald_ore":1,"minecraft:grass_block":25,"minecraft:copper_ore":12,"minecraft:tall_grass":83,"minecraft:cobblestone":3,"realistictorches:torch_wall":3,"minecraft:oak_planks":2,"minecraft:furnace":3,"minecraft:iron_ore":17,"minecraft:fire":1,"minecraft:pumpkin":7,"minecraft:azure_bluet":3,"minecraft:grass":747,"minecraft:oak_log":20,"minecraft:coal_ore":175,"minecraft:gravel":24,"minecraft:dirt":5,"minecraft:stone":62,"minecraft:oak_leaves":5,"realisticforgingores:big_stone":2},"minecraft:used":{"realisticforgingores:big_stone":1,"minecraft:wheat_seeds":48,"minecraft:water_bucket":10,"minecraft:stone_sword":111,"minecraft:flint_and_steel":2,"minecraft:stone_pickaxe":34,"minecraft:oak_planks":11,"minecraft:shield":13,"minecraft:wooden_pickaxe":6,"minecraft:dirt":15,"minecraft:mutton":11,"minecraft:crafting_table":6,"minecraft:white_bed":1,"minecraft:wooden_hoe":69,"minecraft:bread":11,"minecraft:iron_pickaxe":243,"minecraft:gravel":21,"minecraft:fishing_rod":1,"minecraft:stone_axe":19,"minecraft:wooden_sword":69,"minecraft:cobblestone":9,"minecraft:beef":11,"minecraft:furnace":2,"minecraft:porkchop":5,"minecraft:bucket":10,"alexsmobs:animal_dictionary":1,"realistictorches:unlit_torch":41},"minecraft:broken":{"minecraft:wooden_sword":1,"minecraft:wooden_hoe":1},"minecraft:picked_up":{"minecraft:azure_bluet":3,"minecraft:crafting_table":5,"minecraft:feather":1,"minecraft:leather":3,"minecraft:flint":3,"realisticforgingores:copperore":31,"minecraft:oak_log":21,"minecraft:gunpowder":1,"minecraft:dirt":92,"minecraft:string":5,"realisticforgingores:raw_iron_ore":40,"minecraft:bone":6,"additionaladditions:chicken_nugget":1,"minecraft:bow":1,"minecraft:wheat_seeds":115,"minecraft:beef":11,"minecraft:oak_planks":2,"minecraft:egg":3,"minecraft:furnace":3,"minecraft:stick":4,"realisticforgingores:big_stone":2,"minecraft:pumpkin":7,"minecraft:dandelion":1,"minecraft:gravel":21,"minecraft:porkchop":6,"minecraft:ink_sac":1,"minecraft:white_bed":1,"minecraft:pumpkin_seeds":3,"minecraft:arrow":3,"minecraft:rotten_flesh":26,"realistictorches:unlit_torch":3,"minecraft:oak_sapling":4,"minecraft:emerald_ore":1,"minecraft:mutton":11,"minecraft:coal":184,"minecraft:white_wool":13,"minecraft:cobblestone":79}},"DataVersion":3465}