{"stats":{"minecraft:crafted":{"minecraft:wooden_sword":2,"minecraft:oak_planks":44,"minecraft:fishing_rod":1,"minecraft:crafting_table":1,"minecraft:wooden_pickaxe":1,"realisticforgingores:two_sticks":9,"minecraft:bucket":1,"minecraft:pumpkin_seeds":28,"minecraft:stone_axe":1,"minecraft:air":0,"minecraft:flint_and_steel":1,"realisticforgingores:hotrawironore":8,"minecraft:shield":1,"minecraft:stick":36,"minecraft:iron_pickaxe":1,"minecraft:stone_pickaxe":1,"realistictorches:unlit_torch":12,"minecraft:stone_sword":1,"realisticforgingores:smithing_stone_hammer":1},"minecraft:dropped":{"minecraft:wheat_seeds":67,"minecraft:rotten_flesh":4,"minecraft:pumpkin_seeds":12},"minecraft:custom":{"minecraft:interact_with_furnace":24,"minecraft:mob_kills":33,"minecraft:interact_with_crafting_table":14,"minecraft:leave_game":1,"minecraft:time_since_death":74349,"minecraft:sleep_in_bed":3,"minecraft:time_since_rest":1465,"minecraft:sprint_one_cm":75188,"minecraft:damage_taken":510,"minecraft:walk_one_cm":264537,"minecraft:drop":80,"minecraft:damage_dealt":4617,"minecraft:swim_one_cm":2574,"minecraft:talked_to_villager":2,"minecraft:fly_one_cm":89684,"minecraft:open_chest":9,"minecraft:crouch_one_cm":28755,"minecraft:play_time":74349,"minecraft:sneak_time":10794,"minecraft:walk_under_water_one_cm":1392,"minecraft:jump":659,"minecraft:walk_on_water_one_cm":524,"minecraft:total_world_time":74349,"minecraft:fall_one_cm":11997},"minecraft:killed":{"minecraft:pig":4,"minecraft:spider":6,"minecraft:sheep":14,"minecraft:zombie":24,"alexsmobs:crow":2,"alexsmobs:bison":2,"minecraft:cow":6},"minecraft:mined":{"minecraft:white_bed":1,"minecraft:crafting_table":5,"minecraft:grass_block":2,"minecraft:tall_grass":82,"minecraft:oak_planks":2,"minecraft:furnace":3,"minecraft:iron_ore":3,"minecraft:pumpkin":7,"minecraft:grass":728,"minecraft:oak_log":20,"minecraft:coal_ore":38,"minecraft:gravel":24,"minecraft:dirt":4,"minecraft:stone":23,"minecraft:oak_leaves":5,"realisticforgingores:big_stone":2},"minecraft:used":{"realisticforgingores:big_stone":1,"minecraft:stone_sword":15,"minecraft:flint_and_steel":1,"minecraft:stone_pickaxe":34,"minecraft:oak_planks":11,"minecraft:wooden_pickaxe":6,"minecraft:mutton":11,"minecraft:crafting_table":5,"minecraft:white_bed":1,"minecraft:bread":5,"minecraft:iron_pickaxe":37,"minecraft:gravel":21,"minecraft:fishing_rod":1,"minecraft:stone_axe":19,"minecraft:wooden_sword":69,"minecraft:beef":11,"minecraft:furnace":2,"minecraft:porkchop":5,"alexsmobs:animal_dictionary":1},"minecraft:broken":{"minecraft:wooden_sword":1},"minecraft:picked_up":{"minecraft:crafting_table":5,"minecraft:feather":1,"minecraft:leather":3,"minecraft:flint":3,"minecraft:oak_log":21,"minecraft:dirt":53,"minecraft:string":3,"realisticforgingores:raw_iron_ore":8,"minecraft:bone":2,"additionaladditions:chicken_nugget":1,"minecraft:wheat_seeds":107,"minecraft:beef":11,"minecraft:oak_planks":2,"minecraft:egg":3,"minecraft:furnace":3,"minecraft:stick":4,"realisticforgingores:big_stone":2,"minecraft:pumpkin":7,"minecraft:gravel":21,"minecraft:porkchop":6,"minecraft:ink_sac":1,"minecraft:white_bed":1,"minecraft:pumpkin_seeds":3,"minecraft:arrow":1,"minecraft:rotten_flesh":17,"minecraft:oak_sapling":4,"minecraft:mutton":11,"minecraft:coal":47,"minecraft:white_wool":13,"minecraft:cobblestone":26}},"DataVersion":3465}