{"stats":{"minecraft:broken":{"minecraft:wooden_sword":1},"minecraft:crafted":{"minecraft:cooked_beef":2,"minecraft:wooden_sword":1,"minecraft:oak_planks":104,"minecraft:fishing_rod":1,"sophisticatedbackpacks:backpack":1,"minecraft:crafting_table":2,"minecraft:iron_nugget":9,"minecraft:wooden_pickaxe":1,"minecraft:iron_helmet":10,"minecraft:iron_sword":1,"minecraft:furnace":1,"realisticforgingores:smithing_hammer":1,"minecraft:stone_axe":1,"minecraft:bread":84,"minecraft:air":0,"minecraft:flint_and_steel":1,"realisticforgingores:smithing_wood_hammer":1,"minecraft:bow":1,"minecraft:iron_chestplate":1,"minecraft:iron_boots":2,"minecraft:charcoal":3,"minecraft:shield":1,"minecraft:iron_axe":1,"minecraft:stick":24,"quark:oak_chest":3,"minecraft:iron_ingot":1,"minecraft:iron_pickaxe":1,"minecraft:stone_pickaxe":1,"minecraft:iron_leggings":1,"sophisticatedbackpacks:iron_backpack":1,"minecraft:wheat":252},"minecraft:dropped":{"minecraft:bread":13,"minecraft:stone_axe":2,"minecraft:sugar_cane":30,"minecraft:wheat_seeds":5,"minecraft:cooked_beef":2,"minecraft:feather":1,"minecraft:rotten_flesh":3,"alexsmobs:raw_catfish":1,"minecraft:poppy":1,"minecraft:hay_block":26,"minecraft:spider_eye":1,"minecraft:stone_pickaxe":1,"minecraft:egg":25},"minecraft:used":{"quark:blossom_log":3,"minecraft:flint_and_steel":1,"minecraft:stone_pickaxe":106,"minecraft:oak_planks":3,"minecraft:wooden_pickaxe":6,"minecraft:shield":22,"minecraft:iron_sword":132,"minecraft:sugar_cane":9,"minecraft:dirt":39,"minecraft:crafting_table":8,"minecraft:carrot":1,"minecraft:apple":6,"minecraft:bread":38,"minecraft:iron_axe":138,"minecraft:iron_pickaxe":6,"minecraft:iron_helmet":1,"minecraft:stone_axe":46,"minecraft:wooden_sword":62,"minecraft:cobblestone":44,"minecraft:furnace":1,"minecraft:beef":8,"minecraft:hay_block":2,"minecraft:oak_sapling":6,"minecraft:porkchop":6,"minecraft:yellow_bed":1,"quark:oak_chest":5,"minecraft:egg":2,"minecraft:iron_leggings":1},"minecraft:mined":{"minecraft:oak_sapling":1,"quark:yellow_blossom_leaves":13,"quark:oak_chest":3,"minecraft:crafting_table":7,"minecraft:grass_block":16,"quark:blossom_log":34,"minecraft:tall_grass":43,"minecraft:cobblestone":3,"minecraft:oak_planks":4,"minecraft:sugar_cane":13,"minecraft:diorite":33,"minecraft:hay_block":32,"minecraft:carrots":1,"minecraft:fire":1,"minecraft:yellow_bed":1,"minecraft:grass":97,"minecraft:oak_log":29,"minecraft:oak_stairs":1,"minecraft:gravel":1,"minecraft:dirt":28,"minecraft:stone":80,"realisticforgingores:big_stone":1,"minecraft:oak_leaves":8},"minecraft:killed":{"minecraft:pig":6,"minecraft:giant":2,"minecraft:spider":20,"minecraft:iron_golem":12,"minecraft:creeper":2,"minecraft:squid":2,"minecraft:sheep":8,"minecraft:horse":4,"minecraft:skeleton":10,"alexsmobs:catfish":4,"minecraft:pillager":4,"minecraft:zombie":32,"minecraft:chicken":10,"alexsmobs:fly":6,"alexsmobs:crow":4,"minecraft:cow":8},"minecraft:custom":{"minecraft:interact_with_furnace":22,"minecraft:mob_kills":67,"minecraft:animals_bred":3,"minecraft:interact_with_crafting_table":56,"minecraft:leave_game":3,"minecraft:time_since_death":86825,"minecraft:sleep_in_bed":11,"minecraft:climb_one_cm":1115,"minecraft:time_since_rest":40410,"minecraft:sprint_one_cm":260532,"minecraft:damage_taken":3332,"minecraft:walk_one_cm":432092,"minecraft:damage_blocked_by_shield":750,"minecraft:drop":86,"minecraft:damage_dealt":15421,"minecraft:swim_one_cm":25113,"minecraft:talked_to_villager":4,"minecraft:fly_one_cm":442817,"minecraft:open_chest":39,"minecraft:crouch_one_cm":42713,"minecraft:play_time":183342,"minecraft:deaths":1,"minecraft:sneak_time":10698,"minecraft:walk_under_water_one_cm":13656,"minecraft:jump":1300,"minecraft:walk_on_water_one_cm":17900,"minecraft:total_world_time":183342,"minecraft:fall_one_cm":47316},"minecraft:picked_up":{"minecraft:charcoal":1,"minecraft:iron_chestplate":1,"minecraft:crafting_table":8,"minecraft:feather":8,"minecraft:chicken":4,"minecraft:leather":10,"minecraft:oak_stairs":1,"minecraft:flint":1,"minecraft:oak_log":29,"minecraft:yellow_bed":1,"minecraft:shield":1,"minecraft:dirt":60,"minecraft:string":14,"minecraft:white_banner":1,"minecraft:iron_axe":1,"minecraft:iron_leggings":1,"minecraft:bone":10,"additionaladditions:chicken_nugget":2,"minecraft:apple":2,"minecraft:bow":1,"minecraft:wheat_seeds":16,"minecraft:iron_ingot":32,"minecraft:beef":10,"minecraft:poppy":6,"minecraft:iron_pickaxe":1,"minecraft:sugar_cane":52,"minecraft:oak_planks":18,"minecraft:iron_boots":1,"minecraft:egg":31,"minecraft:stick":6,"realisticforgingores:big_stone":1,"realisticforgingores:smithing_hammer":1,"quark:blossom_log":26,"minecraft:porkchop":7,"minecraft:ink_sac":2,"minecraft:diorite":33,"minecraft:carrot":1,"quark:oak_chest":3,"minecraft:spider_eye":3,"alexsmobs:raw_catfish":1,"minecraft:arrow":12,"minecraft:rotten_flesh":7,"minecraft:stone_axe":1,"minecraft:hay_block":56,"relics:arrow_quiver":1,"minecraft:iron_helmet":2,"minecraft:bread":69,"alexsmobs:maggot":4,"minecraft:oak_sapling":5,"minecraft:mutton":6,"minecraft:white_wool":8,"minecraft:cobblestone":113}},"DataVersion":3465}