{"stats":{"minecraft:crafted":{"minecraft:wooden_sword":2,"minecraft:oak_planks":84,"minecraft:fishing_rod":1,"minecraft:crafting_table":1,"minecraft:wooden_pickaxe":1,"realisticforgingores:two_sticks":9,"minecraft:bucket":1,"minecraft:pumpkin_seeds":28,"minecraft:stone_axe":1,"minecraft:air":0,"minecraft:flint_and_steel":1,"realisticforgingores:hotrawironore":8,"minecraft:shield":1,"minecraft:stick":52,"minecraft:iron_pickaxe":1,"minecraft:stone_pickaxe":1,"realistictorches:unlit_torch":48,"minecraft:stone_sword":1,"realisticforgingores:smithing_stone_hammer":1},"minecraft:dropped":{"minecraft:wheat_seeds":67,"minecraft:rotten_flesh":4,"minecraft:pumpkin_seeds":12,"minecraft:dirt":1},"minecraft:custom":{"minecraft:interact_with_furnace":24,"minecraft:mob_kills":48,"minecraft:interact_with_crafting_table":14,"minecraft:damage_dealt_resisted":126,"minecraft:leave_game":1,"minecraft:time_since_death":86349,"minecraft:sleep_in_bed":3,"minecraft:time_since_rest":13465,"minecraft:sprint_one_cm":87677,"minecraft:damage_taken":770,"minecraft:walk_one_cm":324094,"minecraft:damage_blocked_by_shield":310,"minecraft:drop":81,"minecraft:damage_dealt":7712,"minecraft:swim_one_cm":2574,"minecraft:talked_to_villager":2,"minecraft:fly_one_cm":107468,"minecraft:open_chest":9,"minecraft:crouch_one_cm":28785,"minecraft:play_time":86349,"minecraft:sneak_time":10896,"minecraft:walk_under_water_one_cm":2174,"minecraft:jump":861,"minecraft:walk_on_water_one_cm":871,"minecraft:total_world_time":86349,"minecraft:fall_one_cm":14879},"minecraft:killed":{"minecraft:pig":4,"minecraft:spider":10,"minecraft:sheep":14,"minecraft:skeleton":6,"minecraft:zombie":44,"alexsmobs:crow":2,"alexsmobs:bison":2,"minecraft:cow":6},"minecraft:mined":{"minecraft:white_bed":1,"minecraft:crafting_table":5,"minecraft:grass_block":3,"minecraft:copper_ore":12,"minecraft:tall_grass":82,"minecraft:cobblestone":3,"realistictorches:torch_wall":2,"minecraft:oak_planks":2,"minecraft:furnace":3,"minecraft:iron_ore":12,"minecraft:fire":1,"minecraft:pumpkin":7,"minecraft:grass":730,"minecraft:oak_log":20,"minecraft:coal_ore":123,"minecraft:gravel":24,"minecraft:dirt":4,"minecraft:stone":44,"minecraft:oak_leaves":5,"realisticforgingores:big_stone":2},"minecraft:used":{"realisticforgingores:big_stone":1,"minecraft:water_bucket":2,"minecraft:stone_sword":76,"minecraft:flint_and_steel":2,"minecraft:stone_pickaxe":34,"minecraft:oak_planks":11,"minecraft:shield":13,"minecraft:wooden_pickaxe":6,"minecraft:mutton":11,"minecraft:crafting_table":5,"minecraft:white_bed":1,"minecraft:bread":9,"minecraft:iron_pickaxe":167,"minecraft:gravel":21,"minecraft:fishing_rod":1,"minecraft:stone_axe":19,"minecraft:wooden_sword":69,"minecraft:cobblestone":3,"minecraft:beef":11,"minecraft:furnace":2,"minecraft:porkchop":5,"minecraft:bucket":2,"alexsmobs:animal_dictionary":1,"realistictorches:unlit_torch":27},"minecraft:broken":{"minecraft:wooden_sword":1},"minecraft:picked_up":{"minecraft:crafting_table":5,"minecraft:feather":1,"minecraft:leather":3,"minecraft:flint":3,"realisticforgingores:copperore":31,"minecraft:oak_log":21,"minecraft:dirt":54,"minecraft:string":5,"realisticforgingores:raw_iron_ore":28,"minecraft:bone":5,"additionaladditions:chicken_nugget":1,"minecraft:bow":1,"minecraft:wheat_seeds":107,"minecraft:beef":11,"minecraft:oak_planks":2,"minecraft:egg":3,"minecraft:furnace":3,"minecraft:stick":4,"realisticforgingores:big_stone":2,"minecraft:pumpkin":7,"minecraft:gravel":21,"minecraft:porkchop":6,"minecraft:ink_sac":1,"minecraft:white_bed":1,"minecraft:pumpkin_seeds":3,"minecraft:arrow":2,"minecraft:rotten_flesh":24,"realistictorches:unlit_torch":2,"minecraft:oak_sapling":4,"minecraft:mutton":11,"minecraft:coal":132,"minecraft:white_wool":13,"minecraft:cobblestone":61}},"DataVersion":3465}