{"stats":{"minecraft:used":{"minecraft:beef":2},"minecraft:killed":{"minecraft:cow":2},"minecraft:custom":{"minecraft:jump":25,"minecraft:time_since_rest":4397,"minecraft:damage_dealt":100,"minecraft:crouch_one_cm":541,"minecraft:leave_game":1,"minecraft:sprint_one_cm":1939,"minecraft:play_time":4397,"minecraft:damage_taken":90,"minecraft:time_since_death":4397,"minecraft:walk_one_cm":7001,"minecraft:sneak_time":198,"minecraft:total_world_time":4397,"minecraft:mob_kills":1,"minecraft:fall_one_cm":986,"minecraft:fly_one_cm":4208},"minecraft:mined":{"minecraft:grass":1,"minecraft:oak_leaves":1},"minecraft:picked_up":{"minecraft:beef":2,"minecraft:leather":2}},"DataVersion":3465}