{"stats":{"minecraft:dropped":{"minecraft:spider_eye":1},"minecraft:used":{"minecraft:apple":1,"minecraft:dirt":5,"minecraft:wooden_sword":54,"minecraft:hay_block":2,"minecraft:crafting_table":1,"minecraft:porkchop":6},"minecraft:crafted":{"minecraft:wooden_sword":1,"minecraft:oak_planks":20,"minecraft:crafting_table":1,"minecraft:stick":4,"minecraft:wooden_pickaxe":1},"minecraft:mined":{"minecraft:hay_block":10,"minecraft:crafting_table":1,"minecraft:grass":7,"minecraft:grass_block":4,"minecraft:oak_log":5,"minecraft:dirt":2,"minecraft:tall_grass":3,"minecraft:sugar_cane":6},"minecraft:picked_up":{"minecraft:crafting_table":1,"minecraft:feather":7,"minecraft:chicken":4,"minecraft:leather":8,"minecraft:porkchop":6,"minecraft:oak_log":5,"minecraft:dirt":6,"minecraft:spider_eye":1,"minecraft:string":2,"minecraft:apple":1,"minecraft:wheat_seeds":1,"minecraft:hay_block":9,"minecraft:iron_ingot":4,"minecraft:beef":10,"minecraft:poppy":1,"minecraft:oak_sapling":1,"minecraft:sugar_cane":13,"minecraft:egg":5},"minecraft:custom":{"minecraft:time_since_rest":18484,"minecraft:sprint_one_cm":64359,"minecraft:damage_taken":80,"minecraft:walk_one_cm":69896,"minecraft:mob_kills":16,"minecraft:drop":1,"minecraft:damage_dealt":2600,"minecraft:swim_one_cm":5728,"minecraft:interact_with_crafting_table":2,"minecraft:fly_one_cm":42720,"minecraft:crouch_one_cm":486,"minecraft:play_time":18484,"minecraft:sneak_time":212,"minecraft:walk_under_water_one_cm":941,"minecraft:jump":185,"minecraft:walk_on_water_one_cm":1447,"minecraft:time_since_death":18484,"minecraft:total_world_time":18484,"minecraft:fall_one_cm":4202},"minecraft:killed":{"minecraft:horse":4,"minecraft:pig":6,"minecraft:chicken":10,"minecraft:spider":2,"minecraft:iron_golem":2,"minecraft:cow":8}},"DataVersion":3465}