{"stats":{"minecraft:broken":{"minecraft:wooden_sword":1},"minecraft:crafted":{"minecraft:wooden_sword":1,"minecraft:oak_planks":104,"minecraft:fishing_rod":1,"minecraft:iron_nugget":9,"minecraft:furnace":1,"realisticforgingores:smithing_hammer":1,"minecraft:flint_and_steel":1,"minecraft:iron_boots":2,"minecraft:bow":1,"minecraft:iron_axe":1,"minecraft:stone_pickaxe":1,"minecraft:wheat":252,"sophisticatedbackpacks:iron_backpack":1,"minecraft:cooked_beef":2,"sophisticatedbackpacks:backpack":1,"minecraft:crafting_table":2,"minecraft:wooden_pickaxe":1,"minecraft:iron_helmet":10,"minecraft:iron_sword":1,"minecraft:stone_axe":1,"minecraft:bread":84,"minecraft:air":0,"realisticforgingores:smithing_wood_hammer":1,"minecraft:iron_chestplate":1,"minecraft:charcoal":3,"minecraft:shield":1,"minecraft:stick":24,"quark:oak_chest":3,"minecraft:iron_ingot":1,"minecraft:iron_pickaxe":1,"minecraft:iron_leggings":1},"minecraft:dropped":{"minecraft:bread":13,"minecraft:wheat_seeds":5,"minecraft:cooked_beef":2,"minecraft:iron_helmet":1,"minecraft:feather":1,"minecraft:saddle":1,"alexsmobs:raw_catfish":1,"minecraft:stone_axe":3,"minecraft:sugar_cane":30,"minecraft:rotten_flesh":5,"minecraft:poppy":1,"minecraft:hay_block":26,"minecraft:spider_eye":1,"minecraft:stone_pickaxe":1,"minecraft:egg":27},"minecraft:used":{"minecraft:flint_and_steel":1,"minecraft:shield":40,"minecraft:iron_sword":221,"minecraft:dirt":42,"minecraft:carrot":1,"minecraft:iron_axe":138,"minecraft:iron_helmet":1,"minecraft:bow":36,"minecraft:beef":8,"minecraft:hay_block":2,"minecraft:oak_sapling":6,"minecraft:furnace":1,"minecraft:egg":3,"minecraft:iron_leggings":1,"quark:blossom_log":3,"minecraft:stone_pickaxe":106,"minecraft:oak_planks":3,"minecraft:wooden_pickaxe":6,"minecraft:sugar_cane":9,"minecraft:crafting_table":8,"minecraft:apple":6,"minecraft:bread":56,"minecraft:iron_pickaxe":148,"minecraft:stone_axe":46,"minecraft:wooden_sword":62,"minecraft:cobblestone":55,"minecraft:porkchop":6,"minecraft:yellow_bed":1,"quark:oak_chest":5},"minecraft:mined":{"create:zinc_ore":8,"minecraft:oak_sapling":1,"quark:yellow_blossom_leaves":13,"minecraft:grass_block":18,"minecraft:hay_block":32,"minecraft:carrots":1,"minecraft:iron_ore":10,"minecraft:fire":1,"minecraft:andesite":5,"minecraft:dirt_path":1,"minecraft:oak_stairs":1,"minecraft:stone":104,"realisticforgingores:big_stone":1,"quark:oak_chest":3,"minecraft:crafting_table":7,"quark:blossom_log":34,"minecraft:copper_ore":10,"minecraft:tall_grass":44,"minecraft:cobblestone":3,"minecraft:sugar_cane":13,"minecraft:oak_planks":4,"minecraft:diorite":33,"minecraft:yellow_bed":1,"minecraft:grass":102,"minecraft:coal_ore":85,"minecraft:oak_log":29,"minecraft:gravel":1,"minecraft:dirt":31,"minecraft:oak_leaves":13},"minecraft:killed":{"minecraft:giant":2,"minecraft:spider":32,"minecraft:horse":8,"minecraft:skeleton":44,"minecraft:chicken":12,"sleep_tight:bedbug":2,"minecraft:pig":6,"minecraft:zombie_villager":2,"minecraft:iron_golem":12,"minecraft:creeper":6,"minecraft:squid":2,"minecraft:sheep":8,"alexsmobs:catfish":4,"minecraft:pillager":4,"minecraft:zombie":46,"alexsmobs:fly":6,"alexsmobs:crow":4,"minecraft:cow":10},"minecraft:custom":{"minecraft:mob_kills":110,"minecraft:animals_bred":3,"minecraft:interact_with_crafting_table":56,"minecraft:leave_game":3,"minecraft:time_since_death":122825,"minecraft:climb_one_cm":1429,"minecraft:sprint_one_cm":312898,"minecraft:walk_one_cm":545647,"minecraft:damage_blocked_by_shield":1530,"minecraft:drop":93,"minecraft:talked_to_villager":5,"minecraft:play_time":219342,"minecraft:deaths":1,"minecraft:sneak_time":11509,"minecraft:walk_under_water_one_cm":14674,"minecraft:jump":1652,"minecraft:walk_on_water_one_cm":22314,"minecraft:total_world_time":219342,"minecraft:interact_with_furnace":22,"minecraft:sleep_in_bed":13,"minecraft:time_since_rest":10421,"minecraft:damage_taken":4081,"minecraft:damage_dealt":20775,"minecraft:swim_one_cm":25113,"minecraft:fly_one_cm":501192,"minecraft:open_chest":56,"minecraft:crouch_one_cm":43584,"minecraft:fall_one_cm":55231,"minecraft:horse_one_cm":95158},"minecraft:picked_up":{"minecraft:crafting_table":8,"minecraft:charcoal":1,"minecraft:iron_chestplate":1,"minecraft:chicken":5,"minecraft:oak_stairs":1,"minecraft:shield":1,"minecraft:string":16,"minecraft:iron_axe":1,"minecraft:iron_leggings":1,"additionaladditions:chicken_nugget":2,"minecraft:beef":13,"minecraft:poppy":7,"minecraft:iron_pickaxe":1,"minecraft:sugar_cane":52,"minecraft:egg":37,"minecraft:iron_boots":1,"minecraft:stick":6,"realisticforgingores:big_stone":1,"realisticforgingores:smithing_hammer":1,"minecraft:porkchop":7,"quark:blossom_log":26,"minecraft:diorite":33,"minecraft:carrot":1,"minecraft:arrow":35,"minecraft:rotten_flesh":11,"relics:arrow_quiver":1,"minecraft:hay_block":56,"minecraft:saddle":2,"sophisticatedbackpacks:copper_backpack":1,"minecraft:mutton":6,"minecraft:cobblestone":141,"minecraft:white_wool":8,"minecraft:feather":8,"minecraft:andesite":5,"minecraft:leather":12,"minecraft:flint":1,"realisticforgingores:copperore":24,"create:raw_zinc":8,"minecraft:oak_log":29,"minecraft:yellow_bed":1,"minecraft:gunpowder":1,"minecraft:dirt":66,"minecraft:white_banner":1,"realisticforgingores:raw_iron_ore":26,"minecraft:bone":30,"minecraft:apple":2,"minecraft:bow":2,"minecraft:wheat_seeds":16,"minecraft:iron_ingot":32,"minecraft:oak_planks":18,"minecraft:gravel":1,"minecraft:ink_sac":2,"quark:oak_chest":3,"minecraft:spider_eye":4,"alexsmobs:raw_catfish":1,"minecraft:stone_axe":2,"minecraft:iron_helmet":3,"minecraft:granite":1,"minecraft:emerald":1,"minecraft:bread":69,"alexsmobs:maggot":4,"minecraft:oak_sapling":6,"minecraft:coal":85}},"DataVersion":3465}