{"stats":{"minecraft:broken":{"minecraft:flint_and_steel":1,"minecraft:shield":1,"minecraft:wooden_sword":1,"minecraft:iron_sword":1,"minecraft:iron_pickaxe":4},"minecraft:crafted":{"minecraft:wooden_sword":1,"minecraft:oak_planks":104,"minecraft:fishing_rod":1,"minecraft:iron_nugget":18,"realisticforgingores:two_sticks":3,"minecraft:furnace":2,"realisticforgingores:smithing_hammer":1,"quark:blossom_chest":1,"minecraft:white_carpet":3,"minecraft:flint_and_steel":2,"minecraft:hopper":2,"minecraft:bow":1,"minecraft:iron_boots":3,"minecraft:iron_axe":1,"missinglinks:diorite_pressure_plate":1,"minecraft:stone_pickaxe":1,"realistictorches:unlit_torch":60,"minecraft:chest":2,"sophisticatedbackpacks:iron_backpack":1,"minecraft:wheat":396,"minecraft:cooked_beef":2,"quark:blossom_planks":24,"sophisticatedbackpacks:backpack":1,"minecraft:crafting_table":3,"minecraft:wooden_pickaxe":1,"minecraft:iron_helmet":11,"sleep_tight:hammock_white":1,"minecraft:iron_sword":2,"minecraft:bucket":3,"minecraft:stone_axe":1,"sophisticatedbackpacks:upgrade_base":1,"minecraft:bread":132,"minecraft:air":0,"realisticforgingores:hotrawironore":7,"realisticforgingores:smithing_wood_hammer":1,"minecraft:iron_chestplate":2,"realisticforgingores:smithing_anvil":1,"minecraft:charcoal":3,"minecraft:shield":2,"realisticforgingores:blacksmithstongs":1,"quark:oak_chest":6,"minecraft:stick":48,"minecraft:andesite_slab":6,"minecraft:iron_ingot":1,"minecraft:iron_pickaxe":6,"minecraft:iron_block":1,"minecraft:iron_leggings":2,"sophisticatedbackpacks:filter_upgrade":1},"minecraft:dropped":{"minecraft:iron_ingot":4,"minecraft:bread":13,"minecraft:wheat_seeds":6,"minecraft:cooked_beef":2,"minecraft:cobblestone":4,"minecraft:feather":2,"minecraft:iron_helmet":1,"minecraft:leather":4,"minecraft:granite":4,"minecraft:saddle":1,"alexsmobs:raw_catfish":2,"minecraft:dirt":6,"minecraft:diorite":1,"minecraft:bone":2,"realisticforgingores:raw_iron_ore":9,"minecraft:stone_axe":3,"minecraft:sugar_cane":30,"minecraft:tuff":8,"minecraft:rotten_flesh":32,"minecraft:poppy":1,"minecraft:hay_block":26,"minecraft:gunpowder":4,"minecraft:andesite":20,"minecraft:spider_eye":8,"minecraft:stone_pickaxe":1,"minecraft:egg":48},"minecraft:used":{"realisticforgingores:big_stone":2,"sophisticatedbackpacks:iron_backpack":1,"minecraft:flint_and_steel":6,"minecraft:poppy":2,"minecraft:chest":2,"minecraft:shield":70,"minecraft:iron_sword":481,"minecraft:dirt":43,"minecraft:hopper":2,"minecraft:carrot":2,"minecraft:tuff":1,"minecraft:granite":2,"minecraft:iron_axe":156,"minecraft:iron_helmet":1,"quark:blossom_chest":2,"minecraft:bow":66,"minecraft:beef":8,"minecraft:hay_block":2,"minecraft:oak_sapling":6,"minecraft:furnace":3,"minecraft:egg":3,"minecraft:iron_leggings":1,"quark:blossom_log":3,"alexsmobs:raw_catfish":1,"minecraft:water_bucket":1,"missinglinks:diorite_pressure_plate":1,"minecraft:stone_pickaxe":106,"minecraft:andesite_slab":8,"minecraft:oak_planks":3,"minecraft:wooden_pickaxe":6,"minecraft:sugar_cane":11,"minecraft:mossy_cobblestone":3,"minecraft:crafting_table":15,"realisticforgingores:smithing_anvil":1,"minecraft:apple":6,"minecraft:bread":103,"minecraft:iron_pickaxe":1011,"minecraft:gravel":10,"minecraft:stone_axe":46,"minecraft:wooden_sword":62,"minecraft:cobblestone":230,"minecraft:porkchop":6,"minecraft:andesite":2,"minecraft:bucket":3,"quark:oak_chest":6,"minecraft:yellow_bed":1,"realistictorches:unlit_torch":61},"minecraft:mined":{"create:zinc_ore":45,"minecraft:tuff":9,"minecraft:oak_sapling":1,"quark:yellow_blossom_leaves":13,"minecraft:mossy_cobblestone":3,"minecraft:cave_vines_plant":1,"minecraft:granite":7,"minecraft:grass_block":20,"sophisticatedbackpacks:iron_backpack":1,"create:ochrum":192,"minecraft:moss_block":16,"minecraft:oxeye_daisy":1,"minecraft:rooted_dirt":92,"minecraft:hay_block":48,"realistictorches:torch":1,"quark:blossom_chest":2,"minecraft:furnace":1,"minecraft:carrots":2,"minecraft:iron_ore":59,"minecraft:barrel":1,"minecraft:fire":5,"minecraft:andesite":27,"minecraft:deepslate_lapis_ore":2,"minecraft:cave_vines":2,"minecraft:flowering_azalea_leaves":5,"minecraft:dirt_path":1,"minecraft:deepslate_iron_ore":19,"minecraft:oak_stairs":1,"minecraft:azalea_leaves":15,"minecraft:azalea":3,"minecraft:stone":262,"realisticforgingores:big_stone":3,"minecraft:smithing_table":1,"minecraft:flowering_azalea":3,"quark:oak_chest":4,"minecraft:clay":13,"minecraft:crafting_table":13,"minecraft:andesite_slab":1,"minecraft:campfire":1,"quark:blossom_log":34,"minecraft:copper_ore":101,"minecraft:tall_grass":52,"minecraft:cobblestone":35,"minecraft:lapis_ore":4,"minecraft:cyan_bed":1,"minecraft:oak_planks":4,"minecraft:sugar_cane":15,"minecraft:diorite":36,"minecraft:yellow_bed":1,"minecraft:grass":123,"minecraft:oak_log":29,"minecraft:coal_ore":271,"minecraft:gravel":12,"minecraft:dripstone_block":34,"minecraft:dirt":36,"minecraft:raw_copper_block":2,"minecraft:gold_ore":3,"minecraft:oak_leaves":13,"minecraft:deepslate":17},"minecraft:killed":{"minecraft:giant":8,"minecraft:spider":64,"minecraft:horse":8,"minecraft:skeleton":98,"minecraft:chicken":14,"minecraft:drowned":4,"artifacts:mimic":2,"sleep_tight:bedbug":2,"minecraft:pig":6,"minecraft:zombie_villager":2,"minecraft:iron_golem":12,"minecraft:creeper":16,"minecraft:squid":2,"minecraft:sheep":8,"alexsmobs:catfish":6,"minecraft:pillager":4,"minecraft:zombie":102,"alexsmobs:fly":10,"alexsmobs:crow":4,"minecraft:cow":10},"minecraft:custom":{"minecraft:mob_kills":196,"minecraft:animals_bred":3,"minecraft:inspect_hopper":2,"minecraft:interact_with_crafting_table":105,"minecraft:open_barrel":1,"minecraft:leave_game":4,"minecraft:time_since_death":300319,"minecraft:climb_one_cm":1470,"minecraft:sprint_one_cm":485706,"minecraft:walk_one_cm":915519,"minecraft:damage_blocked_by_shield":2600,"minecraft:drop":147,"minecraft:damage_dealt_absorbed":120,"minecraft:talked_to_villager":8,"minecraft:play_time":396836,"minecraft:sneak_time":26330,"minecraft:deaths":1,"minecraft:walk_under_water_one_cm":26023,"minecraft:jump":3100,"minecraft:walk_on_water_one_cm":34345,"minecraft:total_world_time":396836,"minecraft:interact_with_furnace":67,"minecraft:sleep_in_bed":18,"minecraft:time_since_rest":23815,"minecraft:damage_taken":5974,"minecraft:damage_dealt":36141,"minecraft:swim_one_cm":34121,"minecraft:fly_one_cm":744504,"minecraft:open_chest":189,"minecraft:crouch_one_cm":95260,"minecraft:fall_one_cm":88868,"minecraft:horse_one_cm":95158},"minecraft:picked_up":{"realisticforgingores:rawgoldore":7,"minecraft:iron_chestplate":1,"minecraft:charcoal":3,"minecraft:crafting_table":14,"minecraft:chicken":6,"minecraft:clay_ball":52,"minecraft:smithing_table":1,"minecraft:oak_stairs":1,"minecraft:shield":1,"minecraft:moss_carpet":2,"minecraft:string":36,"minecraft:iron_axe":1,"minecraft:iron_leggings":1,"additionaladditions:chicken_nugget":2,"minecraft:cobbled_deepslate":17,"minecraft:beef":13,"minecraft:azalea":5,"minecraft:poppy":9,"minecraft:iron_pickaxe":1,"minecraft:sugar_cane":54,"minecraft:furnace":2,"minecraft:raw_copper_block":2,"minecraft:iron_boots":1,"minecraft:egg":62,"minecraft:stick":8,"realisticforgingores:big_stone":3,"realisticforgingores:smithing_hammer":1,"sophisticatedbackpacks:backpack":1,"quark:blossom_log":26,"minecraft:porkchop":7,"minecraft:diorite":36,"minecraft:carrot":2,"minecraft:arrow":65,"minecraft:rotten_flesh":38,"create:ochrum":190,"relics:arrow_quiver":1,"minecraft:hay_block":72,"minecraft:saddle":3,"quark:blossom_chest":2,"sophisticatedbackpacks:copper_backpack":2,"minecraft:glow_berries":3,"minecraft:mutton":6,"minecraft:white_wool":8,"minecraft:cobblestone":328,"minecraft:feather":9,"artifacts:digging_claws":1,"minecraft:andesite":27,"minecraft:leather":13,"minecraft:flint":2,"create:raw_zinc":45,"minecraft:tuff":9,"realisticforgingores:copperore":247,"minecraft:oak_log":29,"minecraft:yellow_bed":1,"minecraft:gunpowder":7,"minecraft:lapis_lazuli":38,"minecraft:dirt":72,"minecraft:white_banner":1,"realisticforgingores:raw_iron_ore":207,"minecraft:bone":67,"minecraft:apple":2,"minecraft:bow":5,"minecraft:wheat_seeds":18,"minecraft:iron_ingot":36,"minecraft:moss_block":16,"minecraft:flowering_azalea":5,"minecraft:iron_sword":1,"minecraft:oak_planks":18,"minecraft:dripstone_block":34,"minecraft:gravel":11,"sophisticatedbackpacks:iron_backpack":1,"minecraft:ink_sac":5,"minecraft:cyan_bed":1,"quark:oak_chest":4,"minecraft:spider_eye":11,"minecraft:barrel":1,"minecraft:mossy_cobblestone":3,"alexsmobs:raw_catfish":3,"minecraft:stone_axe":2,"realistictorches:unlit_torch":1,"minecraft:iron_helmet":3,"minecraft:granite":7,"minecraft:bread":69,"minecraft:emerald":1,"minecraft:rooted_dirt":85,"alexsmobs:maggot":7,"minecraft:oak_sapling":7,"minecraft:coal":270,"minecraft:andesite_slab":2}},"DataVersion":3465}