{"stats":{"minecraft:crafted":{"minecraft:oak_planks":8},"minecraft:dropped":{"minecraft:wheat_seeds":1},"minecraft:custom":{"minecraft:time_since_rest":14349,"minecraft:crouch_one_cm":2767,"minecraft:sprint_one_cm":2150,"minecraft:play_time":14349,"minecraft:damage_taken":150,"minecraft:walk_one_cm":23459,"minecraft:sneak_time":888,"minecraft:mob_kills":4,"minecraft:drop":1,"minecraft:jump":49,"minecraft:damage_dealt":367,"minecraft:leave_game":1,"minecraft:time_since_death":14349,"minecraft:total_world_time":14349,"minecraft:fall_one_cm":1236,"minecraft:fly_one_cm":4446},"minecraft:killed":{"minecraft:zombie":2,"minecraft:cow":4},"minecraft:used":{"minecraft:beef":3},"minecraft:mined":{"minecraft:grass":30,"minecraft:oak_log":4,"minecraft:tall_grass":3,"minecraft:oak_leaves":3},"minecraft:picked_up":{"minecraft:rotten_flesh":2,"additionaladditions:chicken_nugget":1,"minecraft:leather":3,"minecraft:wheat_seeds":5,"minecraft:beef":3,"minecraft:oak_log":5,"minecraft:oak_sapling":2,"minecraft:dirt":33}},"DataVersion":3465}