{"stats":{"minecraft:crafted":{"minecraft:wooden_sword":2,"minecraft:oak_planks":44,"minecraft:crafting_table":1,"minecraft:stick":24,"minecraft:wooden_pickaxe":1,"minecraft:stone_pickaxe":1,"realisticforgingores:two_sticks":1},"minecraft:dropped":{"minecraft:wheat_seeds":23,"minecraft:rotten_flesh":2},"minecraft:custom":{"minecraft:time_since_rest":38349,"minecraft:sprint_one_cm":39414,"minecraft:damage_taken":440,"minecraft:walk_one_cm":171315,"minecraft:mob_kills":25,"minecraft:drop":22,"minecraft:damage_dealt":3790,"minecraft:interact_with_crafting_table":6,"minecraft:fly_one_cm":50505,"minecraft:crouch_one_cm":15020,"minecraft:play_time":38349,"minecraft:sneak_time":4606,"minecraft:jump":245,"minecraft:leave_game":1,"minecraft:time_since_death":38349,"minecraft:total_world_time":38349,"minecraft:fall_one_cm":5293},"minecraft:killed":{"minecraft:sheep":14,"minecraft:zombie":14,"minecraft:pig":4,"minecraft:spider":6,"alexsmobs:bison":2,"minecraft:cow":6},"minecraft:mined":{"minecraft:crafting_table":2,"minecraft:grass":692,"minecraft:grass_block":2,"minecraft:oak_log":12,"minecraft:dirt":4,"minecraft:tall_grass":64,"minecraft:stone":9,"minecraft:oak_planks":2,"realisticforgingores:big_stone":1,"minecraft:oak_leaves":3},"minecraft:used":{"minecraft:stone_pickaxe":6,"minecraft:oak_planks":11,"minecraft:wooden_pickaxe":6,"minecraft:wooden_sword":69,"minecraft:mutton":11,"minecraft:beef":6,"minecraft:crafting_table":3,"minecraft:porkchop":5},"minecraft:broken":{"minecraft:wooden_sword":1},"minecraft:picked_up":{"minecraft:stick":2,"minecraft:crafting_table":2,"realisticforgingores:big_stone":1,"minecraft:leather":3,"minecraft:porkchop":6,"minecraft:oak_log":13,"minecraft:string":3,"minecraft:dirt":53,"minecraft:rotten_flesh":5,"additionaladditions:chicken_nugget":1,"minecraft:wheat_seeds":80,"minecraft:beef":11,"minecraft:oak_sapling":3,"minecraft:mutton":11,"minecraft:oak_planks":2,"minecraft:white_wool":13,"minecraft:cobblestone":9,"minecraft:egg":3}},"DataVersion":3465}