{"stats":{"minecraft:crafted":{"realisticforgingores:smithing_wood_hammer":1,"minecraft:wooden_sword":1,"minecraft:oak_planks":20,"minecraft:crafting_table":1,"minecraft:stick":8,"minecraft:wooden_pickaxe":1,"realisticforgingores:smithing_hammer":1},"minecraft:dropped":{"minecraft:spider_eye":1},"minecraft:used":{"minecraft:apple":1,"minecraft:wooden_sword":58,"minecraft:dirt":5,"minecraft:beef":8,"minecraft:hay_block":2,"minecraft:crafting_table":2,"minecraft:porkchop":6},"minecraft:mined":{"minecraft:hay_block":32,"minecraft:crafting_table":1,"minecraft:grass":8,"minecraft:grass_block":4,"minecraft:oak_log":5,"minecraft:dirt":2,"minecraft:tall_grass":5,"minecraft:sugar_cane":6},"minecraft:picked_up":{"minecraft:crafting_table":1,"minecraft:feather":7,"minecraft:chicken":4,"minecraft:leather":8,"minecraft:porkchop":6,"minecraft:oak_log":5,"minecraft:spider_eye":2,"minecraft:dirt":6,"minecraft:string":3,"minecraft:bone":4,"minecraft:arrow":8,"minecraft:apple":1,"minecraft:wheat_seeds":1,"minecraft:hay_block":30,"minecraft:beef":10,"minecraft:iron_ingot":4,"minecraft:poppy":2,"minecraft:oak_sapling":1,"minecraft:sugar_cane":13,"minecraft:egg":5},"minecraft:killed":{"minecraft:horse":4,"minecraft:pig":6,"minecraft:chicken":10,"minecraft:spider":4,"minecraft:iron_golem":2,"minecraft:cow":8},"minecraft:custom":{"minecraft:time_since_rest":5891,"minecraft:sprint_one_cm":89101,"minecraft:damage_taken":110,"minecraft:walk_one_cm":110150,"minecraft:mob_kills":17,"minecraft:drop":1,"minecraft:damage_dealt":2760,"minecraft:swim_one_cm":9017,"minecraft:interact_with_crafting_table":4,"minecraft:fly_one_cm":64588,"minecraft:talked_to_villager":2,"minecraft:open_chest":11,"minecraft:play_time":42031,"minecraft:crouch_one_cm":535,"minecraft:sneak_time":305,"minecraft:walk_under_water_one_cm":1329,"minecraft:jump":267,"minecraft:time_since_death":42031,"minecraft:walk_on_water_one_cm":2091,"minecraft:sleep_in_bed":2,"minecraft:climb_one_cm":144,"minecraft:total_world_time":42031,"minecraft:fall_one_cm":5678}},"DataVersion":3465}