{"stats":{"minecraft:broken":{"minecraft:wooden_sword":1},"minecraft:crafted":{"minecraft:cooked_beef":2,"minecraft:wooden_sword":1,"minecraft:oak_planks":44,"minecraft:iron_nugget":9,"minecraft:crafting_table":2,"minecraft:wooden_pickaxe":1,"minecraft:iron_helmet":10,"minecraft:furnace":1,"realisticforgingores:smithing_hammer":1,"minecraft:stone_axe":1,"minecraft:bread":84,"minecraft:air":0,"realisticforgingores:smithing_wood_hammer":1,"minecraft:iron_boots":2,"minecraft:iron_chestplate":1,"minecraft:charcoal":3,"minecraft:shield":1,"minecraft:iron_axe":1,"minecraft:stick":16,"minecraft:iron_ingot":1,"minecraft:iron_pickaxe":1,"minecraft:stone_pickaxe":1,"minecraft:iron_leggings":1,"minecraft:wheat":252},"minecraft:dropped":{"minecraft:bread":2,"minecraft:stone_axe":2,"minecraft:sugar_cane":30,"minecraft:wheat_seeds":2,"minecraft:cooked_beef":2,"minecraft:feather":1,"minecraft:rotten_flesh":2,"alexsmobs:raw_catfish":1,"minecraft:poppy":1,"minecraft:hay_block":26,"minecraft:spider_eye":1,"minecraft:stone_pickaxe":1},"minecraft:used":{"minecraft:stone_pickaxe":106,"minecraft:shield":2,"minecraft:wooden_pickaxe":6,"minecraft:sugar_cane":4,"minecraft:dirt":14,"minecraft:crafting_table":5,"minecraft:apple":6,"minecraft:iron_axe":61,"minecraft:bread":21,"minecraft:iron_pickaxe":6,"minecraft:iron_helmet":1,"minecraft:stone_axe":46,"minecraft:wooden_sword":62,"minecraft:cobblestone":26,"minecraft:beef":8,"minecraft:hay_block":2,"minecraft:furnace":1,"minecraft:oak_sapling":5,"minecraft:porkchop":6,"minecraft:iron_leggings":1},"minecraft:mined":{"minecraft:oak_sapling":1,"minecraft:crafting_table":4,"minecraft:grass_block":14,"minecraft:tall_grass":15,"minecraft:cobblestone":3,"minecraft:sugar_cane":7,"minecraft:oak_planks":1,"minecraft:diorite":33,"minecraft:hay_block":32,"minecraft:grass":38,"minecraft:oak_log":20,"minecraft:gravel":1,"minecraft:dirt":18,"minecraft:stone":80,"realisticforgingores:big_stone":1,"minecraft:oak_leaves":4},"minecraft:killed":{"minecraft:pig":6,"minecraft:giant":2,"minecraft:spider":4,"minecraft:iron_golem":8,"minecraft:creeper":2,"minecraft:squid":2,"minecraft:sheep":4,"minecraft:horse":4,"alexsmobs:catfish":2,"minecraft:zombie":4,"minecraft:chicken":10,"alexsmobs:crow":4,"minecraft:cow":8},"minecraft:custom":{"minecraft:interact_with_furnace":18,"minecraft:mob_kills":30,"minecraft:interact_with_crafting_table":45,"minecraft:leave_game":2,"minecraft:time_since_death":16056,"minecraft:sleep_in_bed":8,"minecraft:climb_one_cm":931,"minecraft:time_since_rest":8956,"minecraft:sprint_one_cm":179740,"minecraft:damage_taken":2746,"minecraft:walk_one_cm":239842,"minecraft:damage_blocked_by_shield":120,"minecraft:drop":46,"minecraft:damage_dealt":7590,"minecraft:swim_one_cm":21396,"minecraft:talked_to_villager":2,"minecraft:fly_one_cm":341926,"minecraft:open_chest":24,"minecraft:crouch_one_cm":32741,"minecraft:play_time":112573,"minecraft:deaths":1,"minecraft:sneak_time":7780,"minecraft:walk_under_water_one_cm":8882,"minecraft:jump":762,"minecraft:walk_on_water_one_cm":8776,"minecraft:total_world_time":112573,"minecraft:fall_one_cm":33840},"minecraft:picked_up":{"minecraft:iron_chestplate":1,"minecraft:charcoal":1,"minecraft:crafting_table":5,"minecraft:feather":8,"minecraft:chicken":4,"minecraft:leather":9,"minecraft:flint":1,"minecraft:oak_log":20,"minecraft:shield":1,"minecraft:dirt":32,"minecraft:string":3,"minecraft:iron_axe":1,"minecraft:iron_leggings":1,"minecraft:bone":5,"additionaladditions:chicken_nugget":2,"minecraft:apple":1,"minecraft:wheat_seeds":3,"minecraft:beef":10,"minecraft:iron_ingot":24,"minecraft:iron_pickaxe":1,"minecraft:poppy":4,"minecraft:sugar_cane":44,"minecraft:oak_planks":15,"minecraft:iron_boots":1,"minecraft:egg":7,"minecraft:stick":5,"realisticforgingores:big_stone":1,"realisticforgingores:smithing_hammer":1,"minecraft:porkchop":7,"minecraft:ink_sac":2,"minecraft:diorite":33,"minecraft:spider_eye":2,"alexsmobs:raw_catfish":1,"minecraft:rotten_flesh":2,"minecraft:arrow":8,"minecraft:stone_axe":1,"relics:arrow_quiver":1,"minecraft:iron_helmet":2,"minecraft:hay_block":56,"minecraft:bread":68,"minecraft:oak_sapling":4,"minecraft:mutton":3,"minecraft:white_wool":5,"minecraft:cobblestone":113}},"DataVersion":3465}