{"stats":{"minecraft:crafted":{"minecraft:wooden_sword":2,"minecraft:oak_planks":44,"minecraft:fishing_rod":1,"minecraft:crafting_table":1,"minecraft:stick":24,"minecraft:wooden_pickaxe":1,"minecraft:stone_pickaxe":1,"minecraft:stone_sword":1,"realisticforgingores:two_sticks":1,"minecraft:stone_axe":1},"minecraft:dropped":{"minecraft:wheat_seeds":67,"minecraft:rotten_flesh":2},"minecraft:custom":{"minecraft:time_since_rest":4132,"minecraft:interact_with_furnace":1,"minecraft:sprint_one_cm":45525,"minecraft:damage_taken":440,"minecraft:walk_one_cm":198425,"minecraft:mob_kills":25,"minecraft:drop":66,"minecraft:damage_dealt":3790,"minecraft:swim_one_cm":2574,"minecraft:interact_with_crafting_table":7,"minecraft:fly_one_cm":61980,"minecraft:open_chest":4,"minecraft:crouch_one_cm":22582,"minecraft:play_time":50349,"minecraft:sneak_time":7604,"minecraft:walk_under_water_one_cm":1392,"minecraft:jump":358,"minecraft:leave_game":1,"minecraft:walk_on_water_one_cm":524,"minecraft:time_since_death":50349,"minecraft:sleep_in_bed":1,"minecraft:total_world_time":50349,"minecraft:fall_one_cm":7383},"minecraft:killed":{"minecraft:sheep":14,"minecraft:zombie":14,"minecraft:pig":4,"minecraft:spider":6,"alexsmobs:bison":2,"minecraft:cow":6},"minecraft:mined":{"minecraft:pumpkin":7,"minecraft:crafting_table":3,"minecraft:grass":726,"minecraft:grass_block":2,"minecraft:oak_log":16,"minecraft:dirt":4,"minecraft:tall_grass":78,"minecraft:stone":15,"minecraft:oak_planks":2,"realisticforgingores:big_stone":1,"minecraft:oak_leaves":4},"minecraft:used":{"minecraft:stone_pickaxe":12,"minecraft:oak_planks":11,"minecraft:wooden_pickaxe":6,"minecraft:stone_axe":12,"minecraft:wooden_sword":69,"minecraft:mutton":11,"minecraft:beef":9,"minecraft:crafting_table":3,"minecraft:porkchop":5,"alexsmobs:animal_dictionary":1},"minecraft:broken":{"minecraft:wooden_sword":1},"minecraft:picked_up":{"minecraft:stick":4,"minecraft:crafting_table":3,"realisticforgingores:big_stone":1,"minecraft:pumpkin":7,"minecraft:leather":3,"minecraft:porkchop":6,"minecraft:oak_log":17,"minecraft:string":3,"minecraft:dirt":53,"minecraft:rotten_flesh":5,"additionaladditions:chicken_nugget":1,"minecraft:wheat_seeds":107,"minecraft:beef":11,"minecraft:oak_sapling":3,"minecraft:mutton":11,"minecraft:oak_planks":2,"minecraft:white_wool":13,"minecraft:cobblestone":15,"minecraft:egg":3}},"DataVersion":3465}