{"stats":{"minecraft:broken":{"minecraft:wooden_sword":1},"minecraft:crafted":{"minecraft:cooked_beef":2,"minecraft:wooden_sword":1,"minecraft:oak_planks":44,"minecraft:iron_nugget":9,"minecraft:crafting_table":2,"minecraft:wooden_pickaxe":1,"minecraft:iron_helmet":10,"minecraft:furnace":1,"realisticforgingores:smithing_hammer":1,"minecraft:stone_axe":1,"minecraft:bread":84,"minecraft:air":0,"realisticforgingores:smithing_wood_hammer":1,"minecraft:iron_boots":2,"minecraft:iron_chestplate":1,"minecraft:charcoal":3,"minecraft:iron_axe":1,"minecraft:stick":16,"minecraft:iron_ingot":1,"minecraft:iron_pickaxe":1,"minecraft:stone_pickaxe":1,"minecraft:iron_leggings":1,"minecraft:wheat":252},"minecraft:dropped":{"minecraft:bread":2,"minecraft:stone_axe":2,"minecraft:sugar_cane":30,"minecraft:wheat_seeds":2,"minecraft:cooked_beef":2,"minecraft:feather":1,"alexsmobs:raw_catfish":1,"minecraft:poppy":1,"minecraft:hay_block":26,"minecraft:spider_eye":1,"minecraft:stone_pickaxe":1},"minecraft:used":{"minecraft:stone_pickaxe":106,"minecraft:wooden_pickaxe":6,"minecraft:sugar_cane":3,"minecraft:dirt":14,"minecraft:crafting_table":4,"minecraft:apple":6,"minecraft:iron_axe":26,"minecraft:bread":7,"minecraft:iron_pickaxe":5,"minecraft:stone_axe":46,"minecraft:wooden_sword":62,"minecraft:cobblestone":6,"minecraft:beef":8,"minecraft:hay_block":2,"minecraft:furnace":1,"minecraft:oak_sapling":5,"minecraft:porkchop":6,"minecraft:iron_leggings":1},"minecraft:mined":{"minecraft:oak_sapling":1,"minecraft:crafting_table":4,"minecraft:grass_block":14,"minecraft:tall_grass":13,"minecraft:cobblestone":3,"minecraft:sugar_cane":6,"minecraft:oak_planks":1,"minecraft:diorite":33,"minecraft:hay_block":32,"minecraft:grass":28,"minecraft:oak_log":14,"minecraft:dirt":18,"minecraft:stone":80,"minecraft:oak_leaves":4},"minecraft:killed":{"minecraft:pig":6,"minecraft:spider":4,"minecraft:iron_golem":8,"minecraft:creeper":2,"minecraft:squid":2,"minecraft:horse":4,"alexsmobs:catfish":2,"minecraft:chicken":10,"alexsmobs:crow":4,"minecraft:cow":8},"minecraft:custom":{"minecraft:interact_with_furnace":15,"minecraft:mob_kills":25,"minecraft:interact_with_crafting_table":44,"minecraft:leave_game":2,"minecraft:time_since_death":88573,"minecraft:sleep_in_bed":6,"minecraft:climb_one_cm":679,"minecraft:time_since_rest":0,"minecraft:sprint_one_cm":125027,"minecraft:damage_taken":513,"minecraft:walk_one_cm":171773,"minecraft:drop":44,"minecraft:damage_dealt":6040,"minecraft:swim_one_cm":13197,"minecraft:talked_to_villager":2,"minecraft:fly_one_cm":102897,"minecraft:open_chest":23,"minecraft:crouch_one_cm":7779,"minecraft:play_time":88573,"minecraft:sneak_time":3714,"minecraft:walk_under_water_one_cm":5460,"minecraft:jump":487,"minecraft:walk_on_water_one_cm":4043,"minecraft:total_world_time":88573,"minecraft:fall_one_cm":11502},"minecraft:picked_up":{"minecraft:crafting_table":4,"minecraft:feather":8,"minecraft:chicken":4,"minecraft:leather":8,"minecraft:oak_log":14,"minecraft:dirt":32,"minecraft:string":3,"minecraft:bone":4,"minecraft:apple":1,"minecraft:wheat_seeds":3,"minecraft:beef":10,"minecraft:iron_ingot":16,"minecraft:poppy":4,"minecraft:sugar_cane":43,"minecraft:oak_planks":1,"minecraft:egg":5,"minecraft:stick":2,"minecraft:porkchop":6,"minecraft:ink_sac":2,"minecraft:diorite":33,"minecraft:spider_eye":2,"alexsmobs:raw_catfish":1,"minecraft:arrow":8,"minecraft:stone_axe":1,"minecraft:iron_helmet":1,"minecraft:hay_block":56,"minecraft:oak_sapling":4,"minecraft:cobblestone":76}},"DataVersion":3465}