{"stats":{"minecraft:crafted":{"minecraft:wooden_sword":2,"minecraft:oak_planks":128,"minecraft:fishing_rod":1,"minecraft:iron_nugget":9,"additionaladditions:fried_egg":2,"minecraft:cooked_chicken":7,"realisticforgingores:two_sticks":14,"minecraft:furnace":1,"realisticforgingores:smithing_hammer":1,"minecraft:flint_and_steel":1,"minecraft:hopper":1,"minecraft:iron_boots":1,"minecraft:iron_axe":1,"minecraft:stone_pickaxe":1,"realistictorches:unlit_torch":60,"realisticforgingores:smithing_stone_hammer":1,"minecraft:cooked_beef":6,"minecraft:oak_slab":6,"minecraft:cooked_porkchop":6,"minecraft:crafting_table":3,"minecraft:wooden_pickaxe":1,"minecraft:iron_helmet":1,"minecraft:iron_sword":1,"minecraft:bucket":1,"minecraft:pumpkin_seeds":28,"minecraft:stone_axe":1,"minecraft:air":0,"realisticforgingores:hotrawironore":20,"minecraft:wooden_hoe":2,"minecraft:iron_chestplate":1,"minecraft:shield":1,"realisticforgingores:blacksmithstongs":1,"minecraft:stick":68,"quark:oak_chest":2,"minecraft:iron_pickaxe":2,"minecraft:stone_sword":1,"minecraft:iron_leggings":1,"minecraft:white_bed":1},"minecraft:dropped":{"minecraft:wheat_seeds":70,"minecraft:dirt":1,"realisticforgingores:raw_iron_ore":64,"minecraft:stone_axe":1,"minecraft:stone_sword":1,"minecraft:rotten_flesh":7,"minecraft:pumpkin_seeds":12,"realisticforgingores:smithing_stone_hammer":1,"minecraft:spider_eye":1},"minecraft:custom":{"minecraft:mob_kills":82,"minecraft:interact_with_crafting_table":50,"minecraft:damage_dealt_resisted":126,"minecraft:leave_game":3,"minecraft:time_since_death":171467,"minecraft:sprint_one_cm":121799,"minecraft:walk_one_cm":595171,"minecraft:damage_blocked_by_shield":330,"minecraft:drop":155,"minecraft:talked_to_villager":9,"minecraft:play_time":171467,"minecraft:sneak_time":15042,"minecraft:walk_under_water_one_cm":5987,"minecraft:jump":1554,"minecraft:walk_on_water_one_cm":5414,"minecraft:total_world_time":171467,"minecraft:interact_with_furnace":84,"minecraft:sleep_in_bed":9,"minecraft:time_since_rest":9638,"minecraft:damage_taken":1171,"minecraft:damage_dealt":11050,"minecraft:swim_one_cm":11653,"minecraft:fly_one_cm":148488,"minecraft:open_chest":59,"minecraft:crouch_one_cm":43123,"minecraft:fall_one_cm":29376},"minecraft:killed":{"minecraft:spider":14,"minecraft:skeleton":6,"minecraft:chicken":14,"alexsmobs:bison":2,"minecraft:drowned":2,"minecraft:pig":12,"minecraft:creeper":4,"minecraft:sheep":14,"alexsmobs:catfish":2,"minecraft:zombie":54,"alexsmobs:crow":4,"alexsmobs:fly":12,"minecraft:cow":14},"minecraft:used":{"realisticforgingores:big_stone":2,"additionaladditions:fried_egg":2,"minecraft:stone_sword":111,"minecraft:flint_and_steel":2,"minecraft:shield":14,"minecraft:iron_sword":71,"minecraft:cooked_chicken":2,"minecraft:iron_chestplate":1,"minecraft:oak_door":1,"minecraft:dirt":16,"minecraft:mutton":11,"minecraft:hopper":1,"minecraft:azure_bluet":5,"minecraft:iron_axe":74,"minecraft:oak_stairs":6,"minecraft:iron_helmet":1,"minecraft:iron_boots":1,"minecraft:beef":12,"minecraft:furnace":5,"minecraft:wheat_seeds":51,"alexsmobs:raw_catfish":1,"minecraft:water_bucket":11,"minecraft:stone_pickaxe":34,"minecraft:oak_planks":45,"minecraft:wooden_pickaxe":6,"minecraft:oak_slab":13,"minecraft:crafting_table":9,"minecraft:white_bed":2,"minecraft:pumpkin_seeds":1,"minecraft:oak_log":19,"minecraft:wooden_hoe":69,"minecraft:apple":7,"minecraft:bread":11,"minecraft:iron_pickaxe":319,"minecraft:gravel":21,"minecraft:stone_axe":20,"minecraft:fishing_rod":1,"minecraft:wooden_sword":69,"minecraft:cobblestone":41,"minecraft:cooked_porkchop":1,"minecraft:porkchop":5,"minecraft:bucket":11,"quark:oak_chest":1,"alexsmobs:animal_dictionary":1,"minecraft:dandelion":2,"realistictorches:unlit_torch":44},"minecraft:mined":{"create:zinc_ore":2,"minecraft:white_bed":2,"minecraft:mossy_cobblestone":3,"minecraft:oak_door":1,"minecraft:grass_block":34,"minecraft:furnace":5,"minecraft:iron_ore":17,"minecraft:fire":1,"minecraft:pumpkin":7,"minecraft:azure_bluet":5,"additionalplacements:minecraft.oak_slab":3,"minecraft:oak_stairs":6,"minecraft:stripped_oak_log":2,"minecraft:stone":80,"realisticforgingores:big_stone":2,"minecraft:oak_slab":4,"minecraft:glass_pane":1,"minecraft:dandelion":2,"minecraft:crafting_table":6,"minecraft:emerald_ore":1,"minecraft:tall_grass":100,"minecraft:copper_ore":12,"minecraft:cobblestone":21,"realistictorches:torch_wall":4,"minecraft:oak_planks":3,"minecraft:wheat":1,"minecraft:pumpkin_stem":1,"minecraft:grass":770,"minecraft:oak_log":59,"minecraft:coal_ore":201,"minecraft:gravel":24,"minecraft:dirt":5,"minecraft:oak_leaves":14},"minecraft:broken":{"minecraft:wooden_sword":1,"minecraft:iron_pickaxe":1,"minecraft:wooden_hoe":1},"minecraft:picked_up":{"minecraft:crafting_table":6,"minecraft:azure_bluet":6,"minecraft:chicken":7,"minecraft:oak_stairs":6,"minecraft:string":6,"additionaladditions:chicken_nugget":1,"minecraft:beef":18,"minecraft:egg":6,"minecraft:furnace":5,"minecraft:stick":4,"realisticforgingores:big_stone":2,"minecraft:oak_door":1,"minecraft:porkchop":12,"minecraft:arrow":4,"minecraft:rotten_flesh":29,"minecraft:mutton":11,"minecraft:emerald_ore":1,"minecraft:white_wool":13,"minecraft:cobblestone":115,"minecraft:stripped_oak_log":2,"minecraft:feather":9,"minecraft:leather":7,"minecraft:flint":3,"create:raw_zinc":2,"realisticforgingores:copperore":31,"minecraft:oak_log":60,"minecraft:gunpowder":1,"minecraft:dirt":113,"realisticforgingores:raw_iron_ore":104,"minecraft:bone":8,"minecraft:bow":1,"minecraft:wheat_seeds":121,"minecraft:oak_planks":3,"additionaladditions:fried_egg":1,"minecraft:oak_slab":7,"minecraft:pumpkin":7,"minecraft:dandelion":2,"minecraft:gravel":21,"minecraft:ink_sac":1,"minecraft:white_bed":2,"minecraft:spider_eye":1,"minecraft:mossy_cobblestone":3,"alexsmobs:raw_catfish":1,"minecraft:pumpkin_seeds":3,"realistictorches:unlit_torch":4,"alexsmobs:maggot":7,"minecraft:oak_sapling":6,"minecraft:coal":211}},"DataVersion":3465}