{"stats":{"minecraft:broken":{"minecraft:wooden_sword":1},"minecraft:crafted":{"minecraft:cooked_beef":2,"minecraft:wooden_sword":1,"minecraft:oak_planks":44,"minecraft:crafting_table":2,"minecraft:iron_nugget":9,"minecraft:wooden_pickaxe":1,"minecraft:iron_helmet":10,"minecraft:iron_sword":1,"minecraft:furnace":1,"realisticforgingores:smithing_hammer":1,"minecraft:stone_axe":1,"minecraft:bread":84,"minecraft:air":0,"minecraft:flint_and_steel":1,"realisticforgingores:smithing_wood_hammer":1,"minecraft:iron_chestplate":1,"minecraft:iron_boots":2,"minecraft:charcoal":3,"minecraft:shield":1,"minecraft:iron_axe":1,"minecraft:stick":16,"minecraft:iron_ingot":1,"minecraft:iron_pickaxe":1,"minecraft:stone_pickaxe":1,"minecraft:iron_leggings":1,"minecraft:wheat":252},"minecraft:dropped":{"minecraft:bread":9,"minecraft:stone_axe":2,"minecraft:sugar_cane":30,"minecraft:wheat_seeds":5,"minecraft:cooked_beef":2,"minecraft:feather":1,"minecraft:rotten_flesh":2,"alexsmobs:raw_catfish":1,"minecraft:poppy":1,"minecraft:hay_block":26,"minecraft:spider_eye":1,"minecraft:stone_pickaxe":1,"minecraft:egg":4},"minecraft:used":{"quark:blossom_log":3,"minecraft:flint_and_steel":1,"minecraft:stone_pickaxe":106,"minecraft:wooden_pickaxe":6,"minecraft:shield":4,"minecraft:iron_sword":19,"minecraft:sugar_cane":4,"minecraft:dirt":16,"minecraft:crafting_table":6,"minecraft:carrot":1,"minecraft:apple":6,"minecraft:bread":25,"minecraft:iron_axe":121,"minecraft:iron_pickaxe":6,"minecraft:iron_helmet":1,"minecraft:stone_axe":46,"minecraft:wooden_sword":62,"minecraft:cobblestone":30,"minecraft:furnace":1,"minecraft:beef":8,"minecraft:hay_block":2,"minecraft:oak_sapling":6,"minecraft:porkchop":6,"minecraft:egg":1,"minecraft:iron_leggings":1},"minecraft:mined":{"minecraft:oak_sapling":1,"quark:yellow_blossom_leaves":13,"minecraft:crafting_table":5,"minecraft:grass_block":15,"quark:blossom_log":34,"minecraft:tall_grass":25,"minecraft:cobblestone":3,"minecraft:oak_planks":1,"minecraft:sugar_cane":7,"minecraft:diorite":33,"minecraft:hay_block":32,"minecraft:carrots":1,"minecraft:fire":1,"minecraft:grass":56,"minecraft:oak_log":29,"minecraft:gravel":1,"minecraft:dirt":19,"minecraft:stone":80,"realisticforgingores:big_stone":1,"minecraft:oak_leaves":8},"minecraft:killed":{"minecraft:pig":6,"minecraft:giant":2,"minecraft:spider":6,"minecraft:iron_golem":8,"minecraft:creeper":2,"minecraft:squid":2,"minecraft:sheep":8,"minecraft:horse":4,"minecraft:skeleton":2,"alexsmobs:catfish":2,"minecraft:zombie":8,"minecraft:chicken":10,"alexsmobs:crow":4,"minecraft:cow":8},"minecraft:custom":{"minecraft:interact_with_furnace":22,"minecraft:mob_kills":36,"minecraft:interact_with_crafting_table":48,"minecraft:leave_game":3,"minecraft:time_since_death":50825,"minecraft:sleep_in_bed":11,"minecraft:climb_one_cm":931,"minecraft:time_since_rest":4410,"minecraft:sprint_one_cm":213548,"minecraft:damage_taken":2794,"minecraft:walk_one_cm":319731,"minecraft:damage_blocked_by_shield":200,"minecraft:drop":60,"minecraft:damage_dealt":8510,"minecraft:swim_one_cm":22183,"minecraft:talked_to_villager":4,"minecraft:fly_one_cm":379333,"minecraft:open_chest":26,"minecraft:crouch_one_cm":37297,"minecraft:play_time":147342,"minecraft:deaths":1,"minecraft:sneak_time":9042,"minecraft:walk_under_water_one_cm":9869,"minecraft:jump":941,"minecraft:walk_on_water_one_cm":9650,"minecraft:total_world_time":147342,"minecraft:fall_one_cm":38859},"minecraft:picked_up":{"minecraft:charcoal":1,"minecraft:iron_chestplate":1,"minecraft:crafting_table":6,"minecraft:feather":8,"minecraft:chicken":4,"minecraft:leather":9,"minecraft:flint":1,"minecraft:oak_log":29,"minecraft:shield":1,"minecraft:dirt":34,"minecraft:string":4,"minecraft:iron_axe":1,"minecraft:iron_leggings":1,"minecraft:bone":6,"additionaladditions:chicken_nugget":2,"minecraft:apple":2,"minecraft:wheat_seeds":6,"minecraft:iron_ingot":26,"minecraft:beef":10,"minecraft:poppy":4,"minecraft:iron_pickaxe":1,"minecraft:sugar_cane":44,"minecraft:oak_planks":15,"minecraft:iron_boots":1,"minecraft:egg":12,"minecraft:stick":6,"realisticforgingores:big_stone":1,"realisticforgingores:smithing_hammer":1,"quark:blossom_log":26,"minecraft:porkchop":7,"minecraft:ink_sac":2,"minecraft:diorite":33,"minecraft:carrot":1,"minecraft:spider_eye":2,"alexsmobs:raw_catfish":1,"minecraft:arrow":9,"minecraft:rotten_flesh":3,"minecraft:stone_axe":1,"minecraft:hay_block":56,"relics:arrow_quiver":1,"minecraft:iron_helmet":2,"minecraft:bread":68,"minecraft:oak_sapling":5,"minecraft:mutton":6,"minecraft:white_wool":8,"minecraft:cobblestone":113}},"DataVersion":3465}