{"stats":{"minecraft:broken":{"minecraft:wooden_sword":1},"minecraft:crafted":{"minecraft:wooden_sword":1,"minecraft:oak_planks":44,"minecraft:crafting_table":2,"minecraft:wooden_pickaxe":1,"minecraft:iron_helmet":6,"minecraft:furnace":1,"realisticforgingores:smithing_hammer":1,"minecraft:stone_axe":1,"minecraft:air":0,"realisticforgingores:smithing_wood_hammer":1,"minecraft:iron_boots":2,"minecraft:charcoal":3,"minecraft:stick":12,"minecraft:iron_pickaxe":1,"minecraft:stone_pickaxe":1},"minecraft:dropped":{"minecraft:stone_axe":1,"minecraft:sugar_cane":30,"minecraft:wheat_seeds":1,"minecraft:hay_block":26,"minecraft:spider_eye":1},"minecraft:used":{"minecraft:stone_pickaxe":106,"minecraft:wooden_pickaxe":6,"minecraft:sugar_cane":3,"minecraft:dirt":14,"minecraft:crafting_table":3,"minecraft:apple":6,"minecraft:bread":3,"minecraft:stone_axe":41,"minecraft:wooden_sword":62,"minecraft:cobblestone":1,"minecraft:beef":8,"minecraft:hay_block":2,"minecraft:furnace":1,"minecraft:oak_sapling":5,"minecraft:porkchop":6},"minecraft:mined":{"minecraft:oak_sapling":1,"minecraft:crafting_table":2,"minecraft:grass_block":14,"minecraft:tall_grass":7,"minecraft:sugar_cane":6,"minecraft:oak_planks":1,"minecraft:diorite":33,"minecraft:hay_block":32,"minecraft:grass":13,"minecraft:oak_log":14,"minecraft:dirt":18,"minecraft:stone":78,"minecraft:oak_leaves":4},"minecraft:killed":{"minecraft:pig":6,"minecraft:spider":4,"minecraft:iron_golem":6,"minecraft:squid":2,"minecraft:horse":4,"minecraft:chicken":10,"minecraft:cow":8},"minecraft:custom":{"minecraft:interact_with_furnace":5,"minecraft:mob_kills":20,"minecraft:interact_with_crafting_table":18,"minecraft:leave_game":2,"minecraft:time_since_death":64573,"minecraft:sleep_in_bed":4,"minecraft:climb_one_cm":144,"minecraft:time_since_rest":3374,"minecraft:sprint_one_cm":100381,"minecraft:damage_taken":310,"minecraft:walk_one_cm":140548,"minecraft:drop":34,"minecraft:damage_dealt":4610,"minecraft:swim_one_cm":9017,"minecraft:talked_to_villager":2,"minecraft:fly_one_cm":74991,"minecraft:open_chest":16,"minecraft:crouch_one_cm":1293,"minecraft:play_time":64573,"minecraft:sneak_time":1112,"minecraft:walk_under_water_one_cm":2905,"minecraft:jump":370,"minecraft:walk_on_water_one_cm":2744,"minecraft:total_world_time":64573,"minecraft:fall_one_cm":6998},"minecraft:picked_up":{"minecraft:crafting_table":2,"minecraft:feather":7,"minecraft:chicken":4,"minecraft:leather":8,"minecraft:oak_log":14,"minecraft:dirt":32,"minecraft:string":3,"minecraft:bone":4,"minecraft:apple":1,"minecraft:wheat_seeds":2,"minecraft:beef":10,"minecraft:iron_ingot":11,"minecraft:poppy":3,"minecraft:sugar_cane":43,"minecraft:oak_planks":1,"minecraft:egg":5,"minecraft:stick":2,"minecraft:porkchop":6,"minecraft:ink_sac":2,"minecraft:diorite":33,"minecraft:spider_eye":2,"minecraft:arrow":8,"minecraft:stone_axe":1,"minecraft:iron_helmet":1,"minecraft:hay_block":56,"minecraft:oak_sapling":4,"minecraft:cobblestone":73}},"DataVersion":3465}