{"stats":{"minecraft:crafted":{"minecraft:wooden_sword":2,"minecraft:oak_planks":84,"minecraft:fishing_rod":1,"minecraft:crafting_table":2,"minecraft:iron_nugget":9,"minecraft:iron_helmet":1,"minecraft:wooden_pickaxe":1,"realisticforgingores:two_sticks":14,"minecraft:iron_sword":1,"realisticforgingores:smithing_hammer":1,"minecraft:bucket":1,"minecraft:pumpkin_seeds":28,"minecraft:stone_axe":1,"minecraft:air":0,"minecraft:flint_and_steel":1,"realisticforgingores:hotrawironore":20,"minecraft:hopper":1,"minecraft:iron_boots":1,"minecraft:iron_chestplate":1,"minecraft:wooden_hoe":2,"minecraft:shield":1,"minecraft:iron_axe":1,"realisticforgingores:blacksmithstongs":1,"quark:oak_chest":2,"minecraft:stick":68,"minecraft:iron_pickaxe":2,"minecraft:stone_pickaxe":1,"realistictorches:unlit_torch":48,"minecraft:stone_sword":1,"minecraft:iron_leggings":1,"realisticforgingores:smithing_stone_hammer":1},"minecraft:dropped":{"realisticforgingores:raw_iron_ore":64,"minecraft:stone_axe":1,"minecraft:wheat_seeds":67,"minecraft:stone_sword":1,"minecraft:rotten_flesh":4,"minecraft:pumpkin_seeds":12,"minecraft:dirt":1,"realisticforgingores:smithing_stone_hammer":1},"minecraft:custom":{"minecraft:interact_with_furnace":67,"minecraft:mob_kills":53,"minecraft:interact_with_crafting_table":46,"minecraft:damage_dealt_resisted":126,"minecraft:leave_game":2,"minecraft:time_since_death":127828,"minecraft:sleep_in_bed":6,"minecraft:time_since_rest":9476,"minecraft:sprint_one_cm":97408,"minecraft:damage_taken":890,"minecraft:walk_one_cm":425302,"minecraft:damage_blocked_by_shield":310,"minecraft:drop":148,"minecraft:damage_dealt":8569,"minecraft:swim_one_cm":2574,"minecraft:talked_to_villager":6,"minecraft:fly_one_cm":126052,"minecraft:open_chest":47,"minecraft:play_time":127828,"minecraft:crouch_one_cm":29915,"minecraft:sneak_time":11423,"minecraft:walk_under_water_one_cm":2174,"minecraft:jump":1154,"minecraft:walk_on_water_one_cm":1498,"minecraft:total_world_time":127828,"minecraft:fall_one_cm":19460},"minecraft:killed":{"minecraft:pig":4,"minecraft:spider":10,"minecraft:creeper":2,"minecraft:sheep":14,"minecraft:skeleton":6,"minecraft:zombie":48,"alexsmobs:bison":2,"alexsmobs:fly":2,"alexsmobs:crow":2,"minecraft:cow":6},"minecraft:mined":{"minecraft:white_bed":1,"minecraft:oak_door":1,"minecraft:dandelion":1,"minecraft:crafting_table":5,"minecraft:emerald_ore":1,"minecraft:grass_block":25,"minecraft:copper_ore":12,"minecraft:tall_grass":85,"minecraft:cobblestone":4,"realistictorches:torch_wall":3,"minecraft:oak_planks":3,"minecraft:furnace":4,"minecraft:iron_ore":17,"minecraft:fire":1,"minecraft:pumpkin":7,"minecraft:azure_bluet":5,"minecraft:grass":756,"minecraft:coal_ore":175,"minecraft:oak_log":20,"minecraft:gravel":24,"minecraft:dirt":5,"minecraft:stone":62,"realisticforgingores:big_stone":2,"minecraft:oak_leaves":5},"minecraft:used":{"realisticforgingores:big_stone":2,"minecraft:wheat_seeds":48,"minecraft:water_bucket":11,"minecraft:stone_sword":111,"minecraft:flint_and_steel":2,"minecraft:stone_pickaxe":34,"minecraft:oak_planks":12,"minecraft:wooden_pickaxe":6,"minecraft:shield":13,"minecraft:oak_door":1,"minecraft:iron_chestplate":1,"minecraft:dirt":15,"minecraft:mutton":11,"minecraft:hopper":1,"minecraft:crafting_table":7,"minecraft:white_bed":1,"minecraft:azure_bluet":5,"minecraft:apple":5,"minecraft:wooden_hoe":69,"minecraft:iron_axe":1,"minecraft:bread":11,"minecraft:iron_pickaxe":245,"minecraft:iron_helmet":1,"minecraft:iron_boots":1,"minecraft:gravel":21,"minecraft:fishing_rod":1,"minecraft:stone_axe":20,"minecraft:wooden_sword":69,"minecraft:cobblestone":10,"minecraft:beef":11,"minecraft:furnace":4,"minecraft:porkchop":5,"minecraft:bucket":11,"quark:oak_chest":1,"alexsmobs:animal_dictionary":1,"minecraft:dandelion":1,"realistictorches:unlit_torch":41},"minecraft:broken":{"minecraft:wooden_sword":1,"minecraft:wooden_hoe":1},"minecraft:picked_up":{"minecraft:crafting_table":5,"minecraft:azure_bluet":5,"minecraft:feather":1,"minecraft:leather":3,"minecraft:flint":3,"realisticforgingores:copperore":31,"minecraft:oak_log":21,"minecraft:gunpowder":1,"minecraft:dirt":92,"minecraft:string":5,"realisticforgingores:raw_iron_ore":104,"minecraft:bone":6,"additionaladditions:chicken_nugget":1,"minecraft:bow":1,"minecraft:wheat_seeds":115,"minecraft:beef":11,"minecraft:oak_planks":3,"minecraft:furnace":4,"minecraft:egg":3,"minecraft:stick":4,"realisticforgingores:big_stone":2,"minecraft:oak_door":1,"minecraft:pumpkin":7,"minecraft:dandelion":1,"minecraft:gravel":21,"minecraft:porkchop":6,"minecraft:ink_sac":1,"minecraft:white_bed":1,"minecraft:pumpkin_seeds":3,"minecraft:arrow":3,"minecraft:rotten_flesh":26,"realistictorches:unlit_torch":3,"minecraft:oak_sapling":4,"minecraft:mutton":11,"minecraft:coal":184,"minecraft:white_wool":13,"minecraft:cobblestone":80,"minecraft:emerald_ore":1}},"DataVersion":3465}