{"stats":{"minecraft:mined":{"minecraft:grass":1},"minecraft:picked_up":{"minecraft:spider_eye":1,"minecraft:string":2},"minecraft:custom":{"minecraft:jump":58,"minecraft:time_since_rest":6484,"minecraft:damage_dealt":160,"minecraft:damage_taken":40,"minecraft:sprint_one_cm":23476,"minecraft:play_time":6484,"minecraft:walk_on_water_one_cm":1327,"minecraft:time_since_death":6484,"minecraft:walk_one_cm":15736,"minecraft:sneak_time":32,"minecraft:total_world_time":6484,"minecraft:walk_under_water_one_cm":757,"minecraft:mob_kills":1,"minecraft:swim_one_cm":2788,"minecraft:fall_one_cm":221,"minecraft:fly_one_cm":15328},"minecraft:killed":{"minecraft:spider":2}},"DataVersion":3465}