{"stats":{"minecraft:crafted":{"minecraft:wooden_sword":2,"minecraft:oak_planks":44,"minecraft:fishing_rod":1,"minecraft:crafting_table":1,"minecraft:wooden_pickaxe":1,"realisticforgingores:two_sticks":2,"minecraft:pumpkin_seeds":28,"minecraft:stone_axe":1,"minecraft:stick":28,"minecraft:stone_pickaxe":1,"minecraft:stone_sword":1},"minecraft:dropped":{"minecraft:wheat_seeds":67,"minecraft:rotten_flesh":2,"minecraft:pumpkin_seeds":12},"minecraft:custom":{"minecraft:interact_with_furnace":4,"minecraft:mob_kills":32,"minecraft:interact_with_crafting_table":7,"minecraft:leave_game":1,"minecraft:time_since_death":62349,"minecraft:sleep_in_bed":2,"minecraft:time_since_rest":3123,"minecraft:sprint_one_cm":74230,"minecraft:damage_taken":500,"minecraft:walk_one_cm":238253,"minecraft:drop":78,"minecraft:damage_dealt":4537,"minecraft:swim_one_cm":2574,"minecraft:talked_to_villager":1,"minecraft:fly_one_cm":87611,"minecraft:open_chest":7,"minecraft:crouch_one_cm":28619,"minecraft:play_time":62349,"minecraft:sneak_time":10607,"minecraft:walk_under_water_one_cm":1392,"minecraft:jump":555,"minecraft:walk_on_water_one_cm":524,"minecraft:total_world_time":62349,"minecraft:fall_one_cm":11230},"minecraft:killed":{"minecraft:pig":4,"minecraft:spider":6,"minecraft:sheep":14,"minecraft:zombie":24,"alexsmobs:bison":2,"minecraft:cow":6},"minecraft:mined":{"minecraft:white_bed":1,"minecraft:crafting_table":3,"minecraft:grass_block":2,"minecraft:tall_grass":82,"minecraft:oak_planks":2,"minecraft:furnace":2,"minecraft:iron_ore":3,"minecraft:pumpkin":7,"minecraft:grass":728,"minecraft:oak_log":20,"minecraft:coal_ore":15,"minecraft:dirt":4,"minecraft:stone":17,"minecraft:oak_leaves":5,"realisticforgingores:big_stone":1},"minecraft:used":{"minecraft:stone_sword":15,"minecraft:stone_pickaxe":34,"minecraft:oak_planks":11,"minecraft:wooden_pickaxe":6,"minecraft:mutton":11,"minecraft:crafting_table":3,"minecraft:white_bed":1,"minecraft:bread":3,"minecraft:stone_axe":17,"minecraft:wooden_sword":69,"minecraft:beef":11,"minecraft:furnace":2,"minecraft:porkchop":5,"alexsmobs:animal_dictionary":1},"minecraft:broken":{"minecraft:wooden_sword":1},"minecraft:picked_up":{"minecraft:crafting_table":3,"minecraft:leather":3,"minecraft:oak_log":21,"minecraft:dirt":53,"minecraft:string":3,"realisticforgingores:raw_iron_ore":8,"minecraft:bone":2,"additionaladditions:chicken_nugget":1,"minecraft:wheat_seeds":107,"minecraft:beef":11,"minecraft:oak_planks":2,"minecraft:egg":3,"minecraft:furnace":2,"minecraft:stick":4,"realisticforgingores:big_stone":1,"minecraft:pumpkin":7,"minecraft:porkchop":6,"minecraft:white_bed":1,"minecraft:pumpkin_seeds":3,"minecraft:arrow":1,"minecraft:rotten_flesh":15,"minecraft:oak_sapling":3,"minecraft:mutton":11,"minecraft:coal":14,"minecraft:white_wool":13,"minecraft:cobblestone":20}},"DataVersion":3465}