{"stats":{"minecraft:crafted":{"realisticforgingores:smithing_wood_hammer":1,"minecraft:wooden_sword":1,"minecraft:oak_planks":20,"minecraft:crafting_table":2,"minecraft:stick":8,"minecraft:wooden_pickaxe":1,"realisticforgingores:smithing_hammer":1},"minecraft:dropped":{"minecraft:hay_block":26,"minecraft:sugar_cane":30,"minecraft:wheat_seeds":1,"minecraft:spider_eye":1},"minecraft:used":{"minecraft:apple":3,"minecraft:wooden_pickaxe":6,"minecraft:sugar_cane":3,"minecraft:wooden_sword":60,"minecraft:dirt":5,"minecraft:beef":8,"minecraft:crafting_table":3,"minecraft:hay_block":2,"minecraft:porkchop":6},"minecraft:mined":{"minecraft:hay_block":32,"minecraft:crafting_table":1,"minecraft:grass":10,"minecraft:grass_block":7,"minecraft:oak_log":5,"minecraft:dirt":8,"minecraft:tall_grass":7,"minecraft:stone":6,"minecraft:sugar_cane":6},"minecraft:picked_up":{"minecraft:crafting_table":1,"minecraft:feather":7,"minecraft:chicken":4,"minecraft:leather":8,"minecraft:porkchop":6,"minecraft:oak_log":5,"minecraft:ink_sac":2,"minecraft:spider_eye":2,"minecraft:dirt":15,"minecraft:string":3,"minecraft:bone":4,"minecraft:arrow":8,"minecraft:apple":1,"minecraft:wheat_seeds":2,"minecraft:hay_block":56,"minecraft:beef":10,"minecraft:iron_ingot":4,"minecraft:poppy":2,"minecraft:oak_sapling":1,"minecraft:sugar_cane":43,"minecraft:cobblestone":6,"minecraft:egg":5},"minecraft:killed":{"minecraft:horse":4,"minecraft:pig":6,"minecraft:chicken":10,"minecraft:spider":4,"minecraft:iron_golem":2,"minecraft:squid":2,"minecraft:cow":8},"minecraft:custom":{"minecraft:time_since_rest":4115,"minecraft:sprint_one_cm":90319,"minecraft:damage_taken":110,"minecraft:walk_one_cm":117353,"minecraft:mob_kills":18,"minecraft:drop":33,"minecraft:damage_dealt":2860,"minecraft:swim_one_cm":9017,"minecraft:interact_with_crafting_table":5,"minecraft:fly_one_cm":66050,"minecraft:talked_to_villager":2,"minecraft:open_chest":11,"minecraft:play_time":53061,"minecraft:crouch_one_cm":614,"minecraft:sneak_time":370,"minecraft:walk_under_water_one_cm":2905,"minecraft:jump":276,"minecraft:leave_game":1,"minecraft:time_since_death":53061,"minecraft:walk_on_water_one_cm":2554,"minecraft:sleep_in_bed":3,"minecraft:total_world_time":53061,"minecraft:climb_one_cm":144,"minecraft:fall_one_cm":5678}},"DataVersion":3465}