{"stats":{"minecraft:broken":{"minecraft:wooden_sword":1},"minecraft:crafted":{"minecraft:cooked_beef":2,"minecraft:wooden_sword":1,"minecraft:oak_planks":44,"minecraft:crafting_table":2,"minecraft:iron_nugget":9,"minecraft:wooden_pickaxe":1,"minecraft:iron_helmet":10,"minecraft:iron_sword":1,"minecraft:furnace":1,"realisticforgingores:smithing_hammer":1,"minecraft:stone_axe":1,"minecraft:bread":84,"minecraft:air":0,"minecraft:flint_and_steel":1,"realisticforgingores:smithing_wood_hammer":1,"minecraft:iron_chestplate":1,"minecraft:iron_boots":2,"minecraft:charcoal":3,"minecraft:shield":1,"minecraft:iron_axe":1,"minecraft:stick":16,"minecraft:iron_ingot":1,"minecraft:iron_pickaxe":1,"minecraft:stone_pickaxe":1,"minecraft:iron_leggings":1,"minecraft:wheat":252},"minecraft:dropped":{"minecraft:bread":2,"minecraft:stone_axe":2,"minecraft:sugar_cane":30,"minecraft:wheat_seeds":2,"minecraft:cooked_beef":2,"minecraft:feather":1,"minecraft:rotten_flesh":2,"alexsmobs:raw_catfish":1,"minecraft:poppy":1,"minecraft:hay_block":26,"minecraft:spider_eye":1,"minecraft:stone_pickaxe":1},"minecraft:used":{"quark:blossom_log":3,"minecraft:flint_and_steel":1,"minecraft:stone_pickaxe":106,"minecraft:wooden_pickaxe":6,"minecraft:shield":2,"minecraft:sugar_cane":4,"minecraft:dirt":14,"minecraft:crafting_table":6,"minecraft:apple":6,"minecraft:bread":22,"minecraft:iron_axe":109,"minecraft:iron_pickaxe":6,"minecraft:iron_helmet":1,"minecraft:stone_axe":46,"minecraft:wooden_sword":62,"minecraft:cobblestone":30,"minecraft:furnace":1,"minecraft:beef":8,"minecraft:hay_block":2,"minecraft:oak_sapling":5,"minecraft:porkchop":6,"minecraft:iron_leggings":1},"minecraft:mined":{"minecraft:oak_sapling":1,"quark:yellow_blossom_leaves":13,"minecraft:crafting_table":5,"minecraft:grass_block":14,"quark:blossom_log":34,"minecraft:tall_grass":15,"minecraft:cobblestone":3,"minecraft:oak_planks":1,"minecraft:sugar_cane":7,"minecraft:diorite":33,"minecraft:hay_block":32,"minecraft:fire":1,"minecraft:grass":39,"minecraft:oak_log":20,"minecraft:gravel":1,"minecraft:dirt":18,"minecraft:stone":80,"realisticforgingores:big_stone":1,"minecraft:oak_leaves":4},"minecraft:killed":{"minecraft:pig":6,"minecraft:giant":2,"minecraft:spider":4,"minecraft:iron_golem":8,"minecraft:creeper":2,"minecraft:squid":2,"minecraft:sheep":4,"minecraft:horse":4,"alexsmobs:catfish":2,"minecraft:zombie":4,"minecraft:chicken":10,"alexsmobs:crow":4,"minecraft:cow":8},"minecraft:custom":{"minecraft:interact_with_furnace":22,"minecraft:mob_kills":30,"minecraft:interact_with_crafting_table":46,"minecraft:leave_game":2,"minecraft:time_since_death":27704,"minecraft:climb_one_cm":931,"minecraft:sleep_in_bed":9,"minecraft:time_since_rest":6183,"minecraft:sprint_one_cm":184255,"minecraft:damage_taken":2746,"minecraft:walk_one_cm":247373,"minecraft:damage_blocked_by_shield":120,"minecraft:drop":46,"minecraft:damage_dealt":7590,"minecraft:swim_one_cm":21396,"minecraft:talked_to_villager":2,"minecraft:fly_one_cm":350547,"minecraft:open_chest":26,"minecraft:crouch_one_cm":33586,"minecraft:play_time":124221,"minecraft:deaths":1,"minecraft:sneak_time":8181,"minecraft:walk_under_water_one_cm":8882,"minecraft:jump":800,"minecraft:walk_on_water_one_cm":8776,"minecraft:total_world_time":124221,"minecraft:fall_one_cm":35630},"minecraft:picked_up":{"minecraft:charcoal":1,"minecraft:iron_chestplate":1,"minecraft:crafting_table":6,"minecraft:feather":8,"minecraft:chicken":4,"minecraft:leather":9,"minecraft:flint":1,"minecraft:oak_log":20,"minecraft:shield":1,"minecraft:dirt":32,"minecraft:string":3,"minecraft:iron_axe":1,"minecraft:iron_leggings":1,"minecraft:bone":5,"additionaladditions:chicken_nugget":2,"minecraft:apple":1,"minecraft:wheat_seeds":3,"minecraft:iron_ingot":26,"minecraft:beef":10,"minecraft:poppy":4,"minecraft:iron_pickaxe":1,"minecraft:sugar_cane":44,"minecraft:oak_planks":15,"minecraft:iron_boots":1,"minecraft:egg":7,"minecraft:stick":6,"realisticforgingores:big_stone":1,"realisticforgingores:smithing_hammer":1,"quark:blossom_log":26,"minecraft:porkchop":7,"minecraft:ink_sac":2,"minecraft:diorite":33,"minecraft:spider_eye":2,"alexsmobs:raw_catfish":1,"minecraft:arrow":8,"minecraft:rotten_flesh":2,"minecraft:stone_axe":1,"minecraft:hay_block":56,"relics:arrow_quiver":1,"minecraft:iron_helmet":2,"minecraft:bread":68,"minecraft:oak_sapling":4,"minecraft:mutton":3,"minecraft:white_wool":5,"minecraft:cobblestone":113}},"DataVersion":3465}