{"stats":{"minecraft:crafted":{"minecraft:oak_planks":120,"minecraft:cobblestone_slab":12,"realisticforgingores:wheatbroom":2,"additionaladditions:fried_egg":4,"minecraft:stone":3,"minecraft:hopper":3,"astikorcarts:plow":1,"astikorcarts:animal_cart":1,"minecraft:bow":1,"minecraft:iron_boots":4,"missinglinks:diorite_pressure_plate":1,"minecraft:chest":2,"realisticforgingores:chisel":1,"astikorcarts:wheel":4,"quark:azalea_planks":4,"sophisticatedbackpacks:backpack":1,"quark:blossom_planks":56,"minecraft:crafting_table":4,"minecraft:wooden_pickaxe":1,"minecraft:iron_helmet":12,"sophisticatedbackpacks:upgrade_base":1,"realisticforgingores:hotrawironore":7,"realisticforgingores:smithing_wood_hammer":1,"minecraft:iron_chestplate":3,"minecraft:charcoal":3,"realisticforgingores:smithing_anvil":1,"minecraft:shield":2,"realisticforgingores:blacksmithstongs":2,"minecraft:stick":68,"quark:oak_chest":7,"minecraft:iron_ingot":1,"minecraft:iron_pickaxe":6,"minecraft:iron_block":1,"sophisticatedbackpacks:filter_upgrade":1,"realistictorches:lit_torch":35,"quark:blossom_planks_slab":6,"minecraft:wooden_sword":2,"realisticforgingores:carvinghammer":1,"minecraft:fishing_rod":1,"missinglinks:diorite_button":2,"minecraft:iron_nugget":18,"realisticforgingores:two_sticks":3,"minecraft:furnace":2,"realisticforgingores:smithing_hammer":2,"quark:blossom_chest":3,"minecraft:white_carpet":3,"realistictorches:matchbox":1,"minecraft:flint_and_steel":2,"minecraft:iron_axe":1,"minecraft:stone_pickaxe":1,"realistictorches:unlit_torch":96,"minecraft:wheat":414,"sophisticatedbackpacks:iron_backpack":1,"minecraft:cooked_beef":2,"sleep_tight:hammock_white":1,"minecraft:iron_sword":2,"minecraft:bucket":3,"minecraft:stone_axe":1,"minecraft:bread":149,"minecraft:air":0,"minecraft:andesite_slab":6,"minecraft:iron_leggings":3,"minecraft:stonecutter":1},"minecraft:broken":{"minecraft:wooden_sword":1,"minecraft:iron_sword":3,"minecraft:flint_and_steel":1,"minecraft:shield":1,"minecraft:iron_pickaxe":5,"minecraft:iron_helmet":1,"minecraft:wooden_hoe":1},"minecraft:killed_by":{"alexsmobs:murmur_head":1,"minecraft:skeleton":1},"minecraft:dropped":{"minecraft:cooked_beef":2,"minecraft:rooted_dirt":18,"minecraft:leather":4,"minecraft:saddle":1,"minecraft:flint":1,"minecraft:dirt":36,"quark:violet_corundum_cluster":1,"realisticforgingores:blacksmithstongs":1,"minecraft:iron_pickaxe":1,"minecraft:bone":2,"realisticforgingores:raw_iron_ore":9,"minecraft:gravel":2,"minecraft:stone_axe":3,"minecraft:sugar_cane":30,"minecraft:beetroot":3,"minecraft:rotten_flesh":95,"minecraft:carrot":6,"minecraft:poppy":1,"minecraft:gunpowder":4,"realisticforgingores:smithing_stone_hammer":1,"minecraft:beetroot_seeds":7,"minecraft:leather_leggings":2,"minecraft:egg":49,"minecraft:iron_ingot":4,"minecraft:bread":14,"minecraft:wheat_seeds":53,"minecraft:iron_helmet":2,"minecraft:feather":2,"minecraft:cobblestone":28,"additionaladditions:fried_egg":1,"realistictorches:lit_torch":1,"minecraft:granite":4,"minecraft:coal":27,"alexsmobs:raw_catfish":2,"additionaladditions:chicken_nugget":1,"minecraft:diorite":1,"minecraft:iron_leggings":1,"minecraft:oak_stairs":3,"minecraft:sweet_berries":2,"alexsmobs:maggot":2,"quark:azalea_planks":4,"minecraft:tuff":9,"minecraft:chicken":1,"minecraft:iron_boots":1,"minecraft:potato":16,"minecraft:hay_block":26,"minecraft:iron_chestplate":1,"minecraft:andesite":20,"minecraft:spider_eye":8,"minecraft:stone_pickaxe":1},"minecraft:mined":{"create:deepslate_zinc_ore":21,"minecraft:oak_sapling":1,"quark:azalea_log":1,"quark:yellow_blossom_leaves":118,"minecraft:cave_vines_plant":4,"minecraft:granite":8,"minecraft:grass_block":23,"sophisticatedbackpacks:iron_backpack":1,"additionalplacements:minecraft.cobblestone_slab":2,"minecraft:oxeye_daisy":1,"quark:blossom_chest":2,"additionaladditions:glow_stick":1,"minecraft:cobbled_deepslate":6,"minecraft:iron_ore":72,"minecraft:fire":6,"minecraft:barrel":7,"minecraft:deepslate_lapis_ore":6,"minecraft:cave_vines":6,"minecraft:flowering_azalea_leaves":5,"minecraft:dirt_path":1,"minecraft:oak_stairs":1,"quark:indigo_corundum":6,"minecraft:azalea_leaves":15,"minecraft:azalea":5,"quark:blossom_planks_slab":1,"quark:violet_corundum":6,"minecraft:deepslate_redstone_ore":20,"additionalplacements:minecraft.andesite_slab":2,"minecraft:clay":13,"minecraft:blast_furnace":2,"quark:blossom_log":58,"minecraft:cobblestone":60,"minecraft:cyan_bed":1,"minecraft:sugar_cane":30,"minecraft:oak_planks":4,"minecraft:damaged_anvil":1,"minecraft:wheat":13,"minecraft:tnt":1,"minecraft:grass":164,"quark:birch_chest":1,"minecraft:oak_log":33,"minecraft:dirt":38,"quark:indigo_corundum_cluster":2,"minecraft:raw_copper_block":2,"minecraft:potted_red_tulip":1,"minecraft:oak_leaves":15,"minecraft:deepslate":80,"create:zinc_ore":56,"minecraft:tuff":29,"minecraft:mossy_cobblestone":3,"minecraft:deepslate_diamond_ore":12,"create:ochrum":192,"minecraft:moss_block":21,"minecraft:cartography_table":1,"minecraft:rooted_dirt":161,"minecraft:hay_block":48,"minecraft:spore_blossom":1,"realistictorches:torch":1,"minecraft:redstone_ore":13,"minecraft:furnace":3,"minecraft:carrots":2,"minecraft:andesite":28,"minecraft:deepslate_iron_ore":39,"minecraft:vine":1,"minecraft:stone":345,"realisticforgingores:big_stone":3,"minecraft:smithing_table":1,"minecraft:flowering_azalea":4,"quark:oak_chest":4,"minecraft:crafting_table":23,"additionalplacements:quark.blossom_planks_slab":3,"minecraft:andesite_slab":1,"minecraft:campfire":1,"minecraft:tall_grass":71,"minecraft:copper_ore":101,"minecraft:lapis_ore":7,"minecraft:deepslate_gold_ore":16,"minecraft:diorite":51,"minecraft:big_dripleaf":1,"minecraft:sweet_berry_bush":4,"minecraft:gray_bed":1,"minecraft:yellow_bed":1,"minecraft:coal_ore":304,"minecraft:gravel":13,"minecraft:dripstone_block":34,"minecraft:chipped_anvil":1,"minecraft:gold_ore":10},"minecraft:killed":{"minecraft:witch":4,"minecraft:spider":86,"minecraft:skeleton":140,"minecraft:chicken":16,"alexsmobs:centipede_head":6,"artifacts:mimic":4,"sleep_tight:bedbug":4,"minecraft:pig":8,"minecraft:zombie_villager":2,"minecraft:iron_golem":12,"minecraft:creeper":24,"minecraft:sheep":8,"minecraft:pillager":4,"minecraft:zombie":214,"alexsmobs:fly":12,"minecraft:cow":10,"minecraft:giant":12,"minecraft:slime":6,"minecraft:horse":8,"minecraft:drowned":4,"minecraft:squid":2,"alexsmobs:catfish":6,"alexsmobs:crow":6,"minecraft:player":1},"minecraft:used":{"realisticforgingores:big_stone":2,"additionaladditions:fried_egg":4,"minecraft:poppy":2,"minecraft:chest":2,"minecraft:shield":95,"minecraft:iron_sword":810,"minecraft:iron_chestplate":1,"minecraft:mutton":4,"minecraft:carrot":25,"minecraft:tuff":20,"minecraft:iron_helmet":1,"quark:blossom_chest":3,"minecraft:deepslate_diamond_ore":9,"minecraft:bow":88,"minecraft:sweet_berries":33,"minecraft:hay_block":2,"minecraft:oak_sapling":6,"minecraft:furnace":4,"minecraft:egg":10,"minecraft:potato":3,"alexsmobs:raw_catfish":1,"minecraft:leather_leggings":7,"minecraft:stone_pickaxe":106,"minecraft:oak_planks":3,"minecraft:wooden_pickaxe":6,"minecraft:sugar_cane":15,"minecraft:glow_berries":12,"astikorcarts:plow":1,"quark:azalea_planks":4,"minecraft:blast_furnace":1,"realisticforgingores:smithing_anvil":1,"minecraft:bread":127,"minecraft:gravel":10,"minecraft:wooden_sword":94,"minecraft:andesite":3,"minecraft:golden_pickaxe":9,"sophisticatedbackpacks:iron_backpack":1,"minecraft:flint_and_steel":6,"astikorcarts:animal_cart":1,"additionaladditions:glow_stick":2,"minecraft:dirt":46,"quark:yellow_blossom_sapling":3,"minecraft:hopper":3,"quark:blossom_planks_slab":8,"additionaladditions:chicken_nugget":5,"minecraft:granite":3,"alexsmobs:maggot":3,"realistictorches:lit_torch":24,"minecraft:iron_axe":232,"minecraft:rooted_dirt":50,"minecraft:iron_boots":1,"minecraft:barrel":4,"minecraft:beef":9,"missinglinks:diorite_button":2,"minecraft:cooked_beef":2,"minecraft:cobbled_deepslate":61,"minecraft:iron_leggings":8,"quark:blossom_log":3,"minecraft:wheat_seeds":13,"minecraft:water_bucket":3,"missinglinks:diorite_pressure_plate":1,"minecraft:andesite_slab":10,"minecraft:stonecutter":1,"minecraft:cobblestone_slab":14,"minecraft:mossy_cobblestone":3,"minecraft:crafting_table":25,"minecraft:apple":7,"minecraft:iron_pickaxe":1401,"minecraft:stone_axe":46,"minecraft:cobblestone":353,"minecraft:porkchop":9,"minecraft:bucket":5,"minecraft:yellow_bed":1,"quark:oak_chest":7,"realistictorches:unlit_torch":63},"minecraft:picked_up":{"realisticforgingores:rawgoldore":76,"minecraft:iron_chestplate":5,"minecraft:wheat":37,"minecraft:flower_pot":1,"minecraft:smithing_table":1,"minecraft:oak_stairs":4,"minecraft:enchanted_book":1,"quark:azalea_log":1,"minecraft:string":55,"quark:azalea_planks":4,"minecraft:iron_leggings":5,"minecraft:beetroot":3,"minecraft:cobbled_deepslate":157,"minecraft:cobblestone_slab":2,"minecraft:azalea":7,"minecraft:iron_pickaxe":4,"minecraft:furnace":5,"minecraft:iron_boots":6,"minecraft:stick":75,"realisticforgingores:big_stone":3,"realisticforgingores:smithing_hammer":1,"quark:blossom_log":83,"minecraft:porkchop":9,"minecraft:diorite":50,"alexsmobs:centipede_leg":5,"minecraft:rotten_flesh":114,"create:ochrum":190,"quark:violet_corundum_cluster":12,"minecraft:red_tulip":1,"realistictorches:lit_torch":12,"quark:blossom_chest":2,"minecraft:cobblestone":501,"minecraft:feather":9,"minecraft:water_bucket":1,"minecraft:andesite":28,"minecraft:potato":6,"minecraft:flint":5,"create:raw_zinc":77,"minecraft:tuff":29,"realisticforgingores:copperore":247,"realisticforgingores:blacksmithstongs":1,"realisticforgingores:purerawgoldore":114,"minecraft:lapis_lazuli":100,"minecraft:dirt":104,"artifacts:shock_pendant":3,"realisticforgingores:raw_iron_ore":308,"minecraft:bone":96,"minecraft:chipped_anvil":1,"minecraft:bow":6,"minecraft:wheat_seeds":107,"minecraft:glowstone_dust":1,"minecraft:moss_block":21,"minecraft:oak_planks":132,"sophisticatedbackpacks:iron_backpack":3,"minecraft:ink_sac":6,"minecraft:cyan_bed":1,"minecraft:barrel":7,"minecraft:mossy_cobblestone":3,"minecraft:granite":8,"minecraft:emerald":1,"minecraft:bread":69,"alexsmobs:maggot":11,"minecraft:rooted_dirt":169,"minecraft:oak_sapling":7,"minecraft:andesite_slab":4,"minecraft:charcoal":3,"minecraft:crafting_table":27,"minecraft:chicken":7,"minecraft:clay_ball":102,"minecraft:golden_pickaxe":1,"minecraft:leather_leggings":4,"minecraft:wooden_pickaxe":1,"minecraft:shield":4,"minecraft:moss_carpet":2,"minecraft:iron_axe":3,"minecraft:wooden_sword":1,"realisticforgingores:smithing_stone_hammer":3,"additionaladditions:chicken_nugget":9,"quark:indigo_corundum":6,"minecraft:cartography_table":1,"realistictorches:matchbox":1,"minecraft:deepslate_diamond_ore":24,"minecraft:beef":13,"minecraft:birch_sapling":1,"minecraft:poppy":9,"quark:yellow_blossom_sapling":3,"minecraft:sugar_cane":77,"minecraft:raw_copper_block":2,"minecraft:egg":63,"minecraft:raw_iron":11,"quark:violet_corundum":6,"sophisticatedbackpacks:backpack":5,"quark:blossom_planks_slab":5,"quark:birch_chest":1,"minecraft:carrot":25,"minecraft:redstone":194,"minecraft:tnt":3,"minecraft:arrow":119,"additionaladditions:glow_stick":1,"minecraft:beetroot_seeds":7,"relics:arrow_quiver":2,"minecraft:hay_block":72,"minecraft:saddle":3,"quark:indigo_corundum_cluster":10,"sophisticatedbackpacks:copper_backpack":4,"minecraft:mutton":6,"minecraft:glow_berries":13,"minecraft:white_wool":8,"artifacts:digging_claws":3,"minecraft:leather":13,"minecraft:oak_log":38,"sleep_tight:hammock_white":2,"minecraft:yellow_bed":1,"minecraft:gunpowder":13,"minecraft:wooden_hoe":1,"minecraft:white_banner":1,"quark:forgotten_hat":2,"minecraft:apple":2,"minecraft:rabbit_hide":7,"minecraft:spore_blossom":1,"minecraft:iron_ingot":40,"minecraft:cobweb":7,"artifacts:kitty_slippers":1,"minecraft:gray_bed":1,"minecraft:iron_sword":3,"minecraft:flowering_azalea":8,"additionaladditions:fried_egg":1,"minecraft:music_disc_chirp":1,"minecraft:sweet_berries":28,"minecraft:dripstone_block":34,"minecraft:gravel":13,"minecraft:blast_furnace":2,"quark:oak_chest":4,"minecraft:spider_eye":12,"alexsmobs:raw_catfish":3,"minecraft:slime_ball":3,"realisticforgingores:cleanedironore":80,"minecraft:stone_axe":2,"realistictorches:unlit_torch":2,"minecraft:iron_helmet":5,"minecraft:damaged_anvil":1,"minecraft:coal":437},"minecraft:custom":{"minecraft:animals_bred":3,"minecraft:interact_with_crafting_table":148,"minecraft:open_barrel":37,"minecraft:leave_game":8,"minecraft:time_since_death":47072,"minecraft:sprint_one_cm":756619,"minecraft:damage_blocked_by_shield":3380,"minecraft:drop":288,"minecraft:talked_to_villager":8,"minecraft:play_time":652645,"minecraft:deaths":3,"minecraft:jump":5438,"minecraft:walk_on_water_one_cm":52576,"minecraft:interact_with_furnace":109,"minecraft:sleep_in_bed":30,"minecraft:damage_dealt":56724,"minecraft:player_kills":2,"minecraft:crouch_one_cm":151862,"minecraft:horse_one_cm":456972,"minecraft:mob_kills":308,"minecraft:inspect_hopper":2,"minecraft:climb_one_cm":4176,"minecraft:walk_one_cm":1497079,"minecraft:damage_dealt_absorbed":320,"minecraft:sneak_time":44805,"minecraft:walk_under_water_one_cm":31542,"minecraft:interact_with_blast_furnace":8,"minecraft:total_world_time":652645,"minecraft:interact_with_stonecutter":4,"minecraft:time_since_rest":0,"minecraft:damage_taken":8547,"minecraft:trigger_trapped_chest":1,"minecraft:swim_one_cm":38534,"minecraft:fly_one_cm":1107383,"minecraft:open_chest":387,"minecraft:fall_one_cm":147852}},"DataVersion":3465}