{"stats":{"minecraft:used":{"minecraft:apple":3,"minecraft:white_bed":1,"alexsmobs:animal_dictionary":4,"minecraft:cooked_beef":2,"minecraft:egg":1},"minecraft:mined":{"minecraft:grass":1,"minecraft:oak_log":3,"minecraft:white_bed":2,"minecraft:oak_leaves":2},"minecraft:picked_up":{"minecraft:cooked_beef":2,"minecraft:chicken":1,"minecraft:wheat_seeds":1,"minecraft:hay_block":2,"minecraft:oak_log":3,"minecraft:white_bed":2,"minecraft:egg":1},"minecraft:custom":{"minecraft:open_chest":3,"minecraft:time_since_rest":1732,"minecraft:crouch_one_cm":210,"minecraft:sprint_one_cm":52747,"minecraft:play_time":44609,"minecraft:damage_taken":260,"minecraft:walk_one_cm":140069,"minecraft:sneak_time":38,"minecraft:interact_with_brewingstand":1,"minecraft:jump":242,"minecraft:damage_dealt":163,"minecraft:time_since_death":44609,"minecraft:sleep_in_bed":2,"minecraft:climb_one_cm":1652,"minecraft:total_world_time":44609,"minecraft:talked_to_villager":5,"minecraft:fall_one_cm":6747,"minecraft:fly_one_cm":19688}},"DataVersion":3465}