{"stats":{"minecraft:crafted":{"minecraft:oak_planks":20,"quark:blossom_planks":24,"minecraft:crafting_table":2,"minecraft:wooden_pickaxe":1,"minecraft:iron_sword":3,"minecraft:furnace":1,"minecraft:stone_axe":1,"minecraft:bread":6,"minecraft:air":0,"minecraft:charcoal":7,"minecraft:stick":24,"minecraft:stone_pickaxe":1,"minecraft:iron_pickaxe":1,"realistictorches:unlit_torch":4,"minecraft:stone_sword":1,"alexsmobs:cooked_catfish":1,"minecraft:wheat":18},"minecraft:dropped":{"minecraft:iron_sword":1,"minecraft:stone_axe":1,"minecraft:wheat_seeds":1,"minecraft:stone_sword":1,"minecraft:saddle":2,"minecraft:poppy":2,"minecraft:wooden_pickaxe":5,"minecraft:stone_pickaxe":1,"minecraft:string":1},"minecraft:used":{"alexsmobs:cooked_catfish":1,"minecraft:stone_sword":84,"minecraft:stone_pickaxe":15,"minecraft:wooden_pickaxe":8,"minecraft:iron_sword":2,"minecraft:rotten_flesh":5,"minecraft:dirt":7,"minecraft:crafting_table":10,"minecraft:carrot":14,"minecraft:white_bed":4,"alexsmobs:maggot":2,"minecraft:apple":3,"minecraft:chicken":2,"minecraft:bread":9,"minecraft:iron_pickaxe":6,"minecraft:stone_axe":33,"minecraft:cobblestone":2,"minecraft:furnace":1,"alexsmobs:animal_dictionary":5,"quark:blossom_planks":4,"minecraft:egg":1,"minecraft:cooked_beef":2,"minecraft:potato":30},"minecraft:mined":{"minecraft:white_bed":4,"minecraft:crafting_table":8,"minecraft:grass_block":5,"quark:blossom_log":7,"minecraft:copper_ore":5,"minecraft:tall_grass":2,"minecraft:cobblestone":2,"minecraft:sugar_cane":1,"minecraft:furnace":1,"quark:blossom_planks":1,"minecraft:grass":13,"minecraft:oak_log":12,"minecraft:dirt":7,"minecraft:stone":18,"minecraft:oak_leaves":3},"minecraft:killed_by":{"minecraft:skeleton":1,"minecraft:zombie":1,"minecraft:enderman":1,"minecraft:iron_golem":2},"minecraft:killed":{"minecraft:spider":6,"minecraft:iron_golem":2,"minecraft:sheep":2,"minecraft:skeleton":4,"minecraft:zombie":18,"minecraft:chicken":2,"alexsmobs:fly":2,"minecraft:drowned":2},"minecraft:custom":{"minecraft:interact_with_furnace":11,"minecraft:mob_kills":20,"minecraft:interact_with_crafting_table":24,"minecraft:leave_game":2,"minecraft:time_since_death":23407,"minecraft:sleep_in_bed":9,"minecraft:climb_one_cm":2043,"minecraft:time_since_rest":23435,"minecraft:sprint_one_cm":411267,"minecraft:damage_taken":5720,"minecraft:walk_one_cm":385094,"minecraft:drop":15,"minecraft:damage_dealt":4197,"minecraft:swim_one_cm":10111,"minecraft:fly_one_cm":456990,"minecraft:talked_to_villager":6,"minecraft:open_chest":18,"minecraft:crouch_one_cm":17460,"minecraft:play_time":142090,"minecraft:deaths":7,"minecraft:sneak_time":3689,"minecraft:walk_under_water_one_cm":5201,"minecraft:interact_with_brewingstand":1,"minecraft:jump":1003,"minecraft:walk_on_water_one_cm":21810,"minecraft:total_world_time":142090,"minecraft:fall_one_cm":55963},"minecraft:picked_up":{"minecraft:charcoal":30,"minecraft:crafting_table":12,"minecraft:feather":13,"minecraft:cooked_beef":2,"minecraft:chicken":2,"minecraft:leather":4,"minecraft:wooden_pickaxe":4,"minecraft:potato":52,"realisticforgingores:copperore":14,"minecraft:oak_log":12,"minecraft:dirt":26,"minecraft:string":13,"minecraft:bone":7,"minecraft:wheat_seeds":30,"minecraft:stone_pickaxe":7,"minecraft:iron_ingot":24,"artifacts:kitty_slippers":6,"minecraft:poppy":5,"minecraft:iron_pickaxe":2,"minecraft:sugar_cane":3,"minecraft:oak_planks":6,"minecraft:egg":3,"minecraft:furnace":5,"minecraft:stick":41,"quark:blossom_log":6,"minecraft:ink_sac":1,"minecraft:white_bed":6,"minecraft:carrot":11,"alexsmobs:animal_dictionary":6,"quark:blossom_planks":79,"alexsmobs:raw_catfish":2,"minecraft:stone_sword":6,"minecraft:rotten_flesh":34,"minecraft:stone_axe":6,"realistictorches:unlit_torch":20,"minecraft:iron_helmet":3,"minecraft:hay_block":6,"minecraft:bread":3,"minecraft:saddle":12,"minecraft:emerald":2,"alexsmobs:maggot":2,"minecraft:oak_sapling":2,"minecraft:mutton":1,"minecraft:white_wool":3,"minecraft:cobblestone":37}},"DataVersion":3465}