{"stats":{"minecraft:crafted":{"minecraft:oak_planks":20,"minecraft:crafting_table":2,"minecraft:stick":16,"minecraft:wooden_pickaxe":1,"minecraft:stone_pickaxe":1,"minecraft:stone_axe":1},"minecraft:dropped":{"minecraft:wooden_pickaxe":3},"minecraft:used":{"minecraft:apple":3,"minecraft:bread":2,"minecraft:stone_pickaxe":5,"minecraft:wooden_pickaxe":8,"minecraft:stone_axe":6,"minecraft:crafting_table":4,"minecraft:white_bed":2,"alexsmobs:animal_dictionary":4,"minecraft:egg":1,"minecraft:cooked_beef":2},"minecraft:mined":{"minecraft:white_bed":2,"minecraft:crafting_table":3,"minecraft:grass":2,"minecraft:oak_log":5,"minecraft:stone":11,"minecraft:oak_leaves":2},"minecraft:picked_up":{"minecraft:stick":2,"minecraft:crafting_table":3,"minecraft:feather":1,"minecraft:cooked_beef":2,"minecraft:chicken":1,"minecraft:wooden_pickaxe":3,"minecraft:oak_log":5,"minecraft:white_bed":2,"alexsmobs:raw_catfish":1,"minecraft:wheat_seeds":3,"minecraft:hay_block":2,"minecraft:poppy":1,"minecraft:cobblestone":12,"minecraft:egg":1},"minecraft:killed":{"minecraft:skeleton":2},"minecraft:custom":{"minecraft:time_since_rest":519,"minecraft:sprint_one_cm":56122,"minecraft:damage_taken":410,"minecraft:walk_one_cm":151396,"minecraft:mob_kills":1,"minecraft:drop":3,"minecraft:damage_dealt":363,"minecraft:talked_to_villager":5,"minecraft:swim_one_cm":3477,"minecraft:interact_with_crafting_table":9,"minecraft:fly_one_cm":20293,"minecraft:open_chest":3,"minecraft:crouch_one_cm":210,"minecraft:play_time":56609,"minecraft:sneak_time":221,"minecraft:walk_under_water_one_cm":2093,"minecraft:jump":271,"minecraft:interact_with_brewingstand":1,"minecraft:time_since_death":56609,"minecraft:walk_on_water_one_cm":5407,"minecraft:sleep_in_bed":3,"minecraft:total_world_time":56609,"minecraft:climb_one_cm":1652,"minecraft:fall_one_cm":7016}},"DataVersion":3465}