{"stats":{"minecraft:crafted":{"minecraft:oak_planks":20,"quark:blossom_planks":24,"minecraft:crafting_table":2,"minecraft:wooden_pickaxe":1,"minecraft:furnace":1,"minecraft:stone_axe":1,"minecraft:air":0,"minecraft:charcoal":7,"minecraft:stick":16,"minecraft:stone_pickaxe":1,"realistictorches:unlit_torch":4,"minecraft:stone_sword":1,"alexsmobs:cooked_catfish":1},"minecraft:dropped":{"minecraft:stone_axe":1,"minecraft:wheat_seeds":1,"minecraft:stone_pickaxe":1,"minecraft:wooden_pickaxe":5},"minecraft:used":{"alexsmobs:cooked_catfish":1,"minecraft:stone_sword":4,"minecraft:stone_pickaxe":13,"minecraft:wooden_pickaxe":8,"minecraft:crafting_table":6,"minecraft:white_bed":3,"alexsmobs:maggot":2,"minecraft:apple":3,"minecraft:chicken":1,"minecraft:bread":3,"minecraft:stone_axe":24,"minecraft:furnace":1,"alexsmobs:animal_dictionary":4,"minecraft:egg":1,"minecraft:cooked_beef":2},"minecraft:mined":{"minecraft:white_bed":4,"minecraft:crafting_table":5,"minecraft:grass_block":1,"quark:blossom_log":7,"minecraft:furnace":1,"minecraft:grass":2,"minecraft:oak_log":12,"minecraft:stone":17,"minecraft:oak_leaves":3},"minecraft:killed":{"minecraft:skeleton":2,"minecraft:zombie":2,"alexsmobs:fly":2},"minecraft:custom":{"minecraft:interact_with_furnace":11,"minecraft:mob_kills":3,"minecraft:interact_with_crafting_table":12,"minecraft:time_since_death":20123,"minecraft:sleep_in_bed":7,"minecraft:climb_one_cm":1944,"minecraft:time_since_rest":535,"minecraft:sprint_one_cm":145395,"minecraft:damage_taken":3810,"minecraft:walk_one_cm":254894,"minecraft:drop":8,"minecraft:damage_dealt":522,"minecraft:swim_one_cm":5825,"minecraft:talked_to_villager":6,"minecraft:fly_one_cm":336198,"minecraft:open_chest":4,"minecraft:crouch_one_cm":16349,"minecraft:play_time":86609,"minecraft:deaths":2,"minecraft:sneak_time":1975,"minecraft:walk_under_water_one_cm":4789,"minecraft:interact_with_brewingstand":1,"minecraft:jump":469,"minecraft:walk_on_water_one_cm":18947,"minecraft:total_world_time":86609,"minecraft:fall_one_cm":41621},"minecraft:picked_up":{"minecraft:crafting_table":6,"minecraft:feather":2,"minecraft:cooked_beef":2,"minecraft:chicken":1,"minecraft:wooden_pickaxe":4,"minecraft:potato":13,"minecraft:oak_log":12,"minecraft:dirt":1,"minecraft:bone":2,"minecraft:wheat_seeds":8,"minecraft:stone_pickaxe":2,"artifacts:kitty_slippers":1,"minecraft:poppy":2,"minecraft:oak_planks":1,"minecraft:furnace":1,"minecraft:egg":1,"minecraft:stick":11,"quark:blossom_log":6,"minecraft:ink_sac":1,"minecraft:white_bed":5,"alexsmobs:animal_dictionary":1,"alexsmobs:raw_catfish":2,"minecraft:stone_sword":1,"minecraft:rotten_flesh":4,"minecraft:stone_axe":2,"minecraft:hay_block":4,"minecraft:saddle":2,"minecraft:emerald":1,"alexsmobs:maggot":2,"minecraft:oak_sapling":1,"minecraft:cobblestone":24}},"DataVersion":3465}