{"stats":{"minecraft:broken":{"minecraft:iron_pickaxe":1},"minecraft:crafted":{"minecraft:oak_door":3,"minecraft:oak_planks":368,"minecraft:cooked_chicken":2,"minecraft:furnace":2,"realistictorches:matchbox":1,"minecraft:cooked_mutton":6,"minecraft:iron_boots":1,"minecraft:iron_axe":1,"minecraft:stone_pickaxe":2,"realistictorches:unlit_torch":44,"alexsmobs:cooked_catfish":1,"sophisticatedbackpacks:iron_backpack":1,"minecraft:wheat":18,"minecraft:oak_slab":6,"quark:blossom_planks":24,"sophisticatedbackpacks:backpack":1,"minecraft:crafting_table":5,"minecraft:wooden_pickaxe":2,"minecraft:iron_helmet":1,"minecraft:iron_sword":3,"minecraft:bucket":1,"minecraft:stone_axe":1,"minecraft:bread":6,"minecraft:air":0,"minecraft:iron_chestplate":1,"minecraft:paper":3,"minecraft:charcoal":7,"minecraft:shield":1,"minecraft:stick":64,"quark:oak_chest":1,"minecraft:iron_pickaxe":2,"minecraft:stone_sword":2,"minecraft:iron_leggings":1},"minecraft:dropped":{"sophisticatedbackpacks:iron_backpack":2,"minecraft:iron_sword":1,"minecraft:wheat_seeds":1,"minecraft:feather":4,"minecraft:iron_helmet":2,"minecraft:saddle":2,"realisticforgingores:cleanedironore":1,"minecraft:sand":1,"minecraft:string":1,"minecraft:stone_axe":2,"minecraft:stone_sword":1,"minecraft:rotten_flesh":8,"sophisticatedbackpacks:backpack":1,"create:asurine":2,"minecraft:poppy":2,"minecraft:oak_sapling":1,"minecraft:bow":1,"minecraft:wooden_pickaxe":6,"minecraft:stone_pickaxe":2},"minecraft:used":{"minecraft:stone_sword":98,"sophisticatedbackpacks:iron_backpack":1,"minecraft:shield":48,"minecraft:iron_sword":251,"minecraft:cooked_chicken":2,"minecraft:rotten_flesh":15,"minecraft:oak_door":3,"minecraft:dirt":14,"minecraft:carrot":21,"additionaladditions:chicken_nugget":2,"alexsmobs:maggot":2,"minecraft:iron_axe":126,"minecraft:iron_helmet":2,"minecraft:iron_boots":1,"minecraft:smooth_basalt":3,"minecraft:furnace":2,"quark:blossom_planks":4,"minecraft:egg":2,"minecraft:cooked_beef":2,"minecraft:potato":57,"minecraft:cooked_mutton":6,"alexsmobs:cooked_catfish":1,"minecraft:diorite":2,"minecraft:stone_pickaxe":24,"minecraft:oak_planks":260,"minecraft:wooden_pickaxe":12,"minecraft:white_wool":8,"minecraft:crafting_table":18,"minecraft:white_bed":6,"minecraft:apple":5,"minecraft:chicken":5,"minecraft:bread":9,"minecraft:iron_pickaxe":251,"minecraft:stone_axe":42,"minecraft:cobblestone":13,"alexsmobs:animal_dictionary":5,"realistictorches:unlit_torch":29},"minecraft:mined":{"create:zinc_ore":4,"minecraft:large_amethyst_bud":1,"minecraft:white_bed":6,"minecraft:granite":4,"minecraft:budding_amethyst":2,"minecraft:grass_block":11,"sophisticatedbackpacks:iron_backpack":1,"minecraft:furnace":2,"minecraft:iron_ore":40,"minecraft:andesite":4,"quark:blossom_planks":1,"create:asurine":1,"minecraft:oak_stairs":3,"minecraft:stripped_oak_log":1,"minecraft:stone":118,"minecraft:white_wool":8,"quark:oak_chest":1,"minecraft:amethyst_cluster":3,"minecraft:crafting_table":15,"minecraft:calcite":6,"quark:blossom_log":7,"minecraft:tall_grass":5,"minecraft:copper_ore":5,"minecraft:cobblestone":18,"realistictorches:torch_wall":2,"minecraft:sugar_cane":1,"minecraft:oak_planks":32,"minecraft:diorite":4,"minecraft:amethyst_block":10,"minecraft:birch_log":6,"minecraft:grass":28,"minecraft:oak_log":98,"minecraft:coal_ore":37,"minecraft:dirt":22,"minecraft:smooth_basalt":5,"minecraft:gold_ore":9,"minecraft:oak_leaves":36},"minecraft:killed_by":{"minecraft:enderman":1,"minecraft:iron_golem":3,"minecraft:skeleton":1,"minecraft:zombie":4},"minecraft:killed":{"minecraft:spider":30,"minecraft:skeleton":36,"minecraft:chicken":4,"minecraft:drowned":2,"minecraft:iron_golem":8,"minecraft:creeper":8,"minecraft:sheep":8,"minecraft:zombie":78,"alexsmobs:fly":2},"minecraft:custom":{"minecraft:mob_kills":93,"minecraft:interact_with_crafting_table":56,"minecraft:leave_game":3,"minecraft:time_since_death":3485,"minecraft:climb_one_cm":2563,"minecraft:sprint_one_cm":732914,"minecraft:walk_one_cm":846277,"minecraft:damage_blocked_by_shield":1530,"minecraft:drop":36,"minecraft:damage_dealt_absorbed":161,"minecraft:talked_to_villager":6,"minecraft:play_time":280526,"minecraft:deaths":12,"minecraft:sneak_time":9569,"minecraft:walk_under_water_one_cm":7764,"minecraft:interact_with_brewingstand":1,"minecraft:jump":2171,"minecraft:walk_on_water_one_cm":37294,"minecraft:total_world_time":280526,"minecraft:interact_with_furnace":16,"minecraft:sleep_in_bed":22,"minecraft:time_since_rest":3525,"minecraft:damage_taken":9005,"minecraft:damage_dealt":19484,"minecraft:swim_one_cm":12724,"minecraft:fly_one_cm":806320,"minecraft:open_chest":21,"minecraft:crouch_one_cm":35810,"minecraft:fall_one_cm":83456},"minecraft:picked_up":{"realisticforgingores:rawgoldore":22,"minecraft:charcoal":30,"minecraft:crafting_table":23,"minecraft:iron_chestplate":2,"minecraft:chicken":7,"minecraft:wooden_pickaxe":4,"minecraft:oak_stairs":3,"minecraft:amethyst_block":9,"minecraft:string":28,"minecraft:iron_axe":2,"minecraft:iron_leggings":2,"additionaladditions:chicken_nugget":2,"minecraft:bucket":2,"minecraft:calcite":6,"minecraft:poppy":5,"minecraft:iron_pickaxe":4,"minecraft:sugar_cane":3,"minecraft:birch_sapling":3,"minecraft:furnace":6,"minecraft:iron_boots":2,"minecraft:egg":11,"minecraft:stick":63,"sophisticatedbackpacks:backpack":1,"quark:blossom_log":6,"minecraft:diorite":4,"minecraft:carrot":13,"quark:blossom_planks":79,"minecraft:stone_sword":7,"minecraft:arrow":20,"minecraft:rotten_flesh":70,"minecraft:hay_block":6,"create:asurine":2,"minecraft:saddle":12,"minecraft:mutton":8,"minecraft:cobblestone":153,"minecraft:white_wool":13,"minecraft:stripped_oak_log":1,"minecraft:birch_log":18,"minecraft:feather":17,"minecraft:cooked_beef":2,"minecraft:andesite":4,"minecraft:leather":4,"minecraft:potato":55,"minecraft:oak_log":114,"create:raw_zinc":4,"realisticforgingores:copperore":14,"minecraft:gunpowder":4,"minecraft:dirt":45,"realisticforgingores:raw_iron_ore":104,"minecraft:bone":19,"minecraft:apple":6,"minecraft:bow":2,"minecraft:wheat_seeds":33,"minecraft:stone_pickaxe":10,"minecraft:iron_ingot":41,"artifacts:kitty_slippers":8,"minecraft:iron_sword":4,"minecraft:oak_planks":156,"minecraft:smooth_basalt":5,"minecraft:amethyst_shard":12,"sophisticatedbackpacks:iron_backpack":8,"minecraft:ink_sac":1,"minecraft:white_bed":10,"alexsmobs:animal_dictionary":6,"quark:oak_chest":1,"minecraft:spider_eye":4,"alexsmobs:raw_catfish":2,"realisticforgingores:cleanedironore":1,"minecraft:stone_axe":6,"realistictorches:unlit_torch":22,"minecraft:iron_helmet":6,"minecraft:granite":4,"minecraft:emerald":2,"minecraft:bread":3,"alexsmobs:maggot":2,"minecraft:oak_sapling":40,"minecraft:black_wool":2,"minecraft:coal":37}},"DataVersion":3465}