{"stats":{"minecraft:crafted":{"minecraft:oak_planks":20,"quark:blossom_planks":24,"minecraft:crafting_table":2,"minecraft:wooden_pickaxe":1,"minecraft:furnace":1,"minecraft:stone_axe":1,"minecraft:bread":6,"minecraft:air":0,"minecraft:charcoal":7,"minecraft:stick":16,"minecraft:stone_pickaxe":1,"realistictorches:unlit_torch":4,"minecraft:stone_sword":1,"alexsmobs:cooked_catfish":1,"minecraft:wheat":18},"minecraft:dropped":{"minecraft:stone_axe":1,"minecraft:wheat_seeds":1,"minecraft:saddle":2,"minecraft:wooden_pickaxe":5,"minecraft:stone_pickaxe":1},"minecraft:used":{"alexsmobs:cooked_catfish":1,"minecraft:stone_sword":46,"minecraft:stone_pickaxe":15,"minecraft:wooden_pickaxe":8,"minecraft:dirt":2,"minecraft:crafting_table":7,"minecraft:white_bed":4,"alexsmobs:maggot":2,"minecraft:apple":3,"minecraft:chicken":1,"minecraft:bread":9,"minecraft:stone_axe":26,"minecraft:cobblestone":2,"minecraft:furnace":1,"alexsmobs:animal_dictionary":4,"quark:blossom_planks":4,"minecraft:egg":1,"minecraft:cooked_beef":2,"minecraft:potato":12},"minecraft:mined":{"minecraft:white_bed":4,"minecraft:crafting_table":6,"minecraft:grass_block":2,"quark:blossom_log":7,"minecraft:tall_grass":1,"minecraft:cobblestone":2,"minecraft:furnace":1,"quark:blossom_planks":1,"minecraft:grass":3,"minecraft:oak_log":12,"minecraft:dirt":2,"minecraft:stone":17,"minecraft:oak_leaves":3},"minecraft:killed_by":{"minecraft:zombie":1,"minecraft:enderman":1,"minecraft:iron_golem":1},"minecraft:killed":{"minecraft:iron_golem":2,"minecraft:skeleton":2,"minecraft:zombie":12,"alexsmobs:fly":2,"minecraft:drowned":2},"minecraft:custom":{"minecraft:interact_with_furnace":11,"minecraft:mob_kills":11,"minecraft:interact_with_crafting_table":14,"minecraft:leave_game":1,"minecraft:time_since_death":6837,"minecraft:sleep_in_bed":9,"minecraft:climb_one_cm":1944,"minecraft:time_since_rest":6903,"minecraft:sprint_one_cm":233236,"minecraft:damage_taken":5035,"minecraft:walk_one_cm":305317,"minecraft:drop":10,"minecraft:damage_dealt":2800,"minecraft:swim_one_cm":5825,"minecraft:talked_to_villager":6,"minecraft:fly_one_cm":382858,"minecraft:open_chest":10,"minecraft:crouch_one_cm":17205,"minecraft:play_time":107362,"minecraft:deaths":5,"minecraft:sneak_time":3189,"minecraft:walk_under_water_one_cm":4789,"minecraft:interact_with_brewingstand":1,"minecraft:jump":664,"minecraft:walk_on_water_one_cm":18947,"minecraft:total_world_time":107362,"minecraft:fall_one_cm":48093},"minecraft:picked_up":{"minecraft:charcoal":18,"minecraft:crafting_table":10,"minecraft:feather":5,"minecraft:cooked_beef":2,"minecraft:chicken":1,"minecraft:wooden_pickaxe":4,"minecraft:potato":52,"minecraft:oak_log":12,"minecraft:dirt":9,"minecraft:string":2,"minecraft:bone":5,"minecraft:wheat_seeds":20,"minecraft:stone_pickaxe":5,"minecraft:iron_ingot":15,"artifacts:kitty_slippers":4,"minecraft:poppy":3,"minecraft:oak_planks":4,"minecraft:egg":1,"minecraft:furnace":4,"minecraft:stick":35,"quark:blossom_log":6,"minecraft:ink_sac":1,"minecraft:white_bed":6,"alexsmobs:animal_dictionary":4,"quark:blossom_planks":49,"alexsmobs:raw_catfish":2,"minecraft:stone_sword":4,"minecraft:rotten_flesh":20,"minecraft:stone_axe":4,"realistictorches:unlit_torch":12,"minecraft:iron_helmet":1,"minecraft:hay_block":6,"minecraft:emerald":2,"minecraft:saddle":9,"minecraft:bread":3,"alexsmobs:maggot":2,"minecraft:oak_sapling":2,"minecraft:cobblestone":32}},"DataVersion":3465}