{"stats":{"minecraft:crafted":{"minecraft:oak_planks":32,"sophisticatedbackpacks:backpack":1,"quark:blossom_planks":24,"minecraft:crafting_table":3,"minecraft:iron_helmet":1,"minecraft:wooden_pickaxe":1,"minecraft:iron_sword":3,"minecraft:furnace":1,"minecraft:bucket":1,"minecraft:stone_axe":1,"minecraft:bread":6,"minecraft:air":0,"minecraft:iron_boots":1,"minecraft:iron_chestplate":1,"minecraft:charcoal":7,"minecraft:stick":24,"quark:oak_chest":1,"minecraft:stone_pickaxe":1,"minecraft:iron_pickaxe":1,"realistictorches:unlit_torch":4,"minecraft:stone_sword":1,"minecraft:iron_leggings":1,"alexsmobs:cooked_catfish":1,"sophisticatedbackpacks:iron_backpack":1,"minecraft:wheat":18},"minecraft:dropped":{"minecraft:iron_sword":1,"minecraft:stone_axe":1,"minecraft:wheat_seeds":1,"minecraft:stone_sword":1,"sophisticatedbackpacks:backpack":1,"minecraft:saddle":2,"minecraft:poppy":2,"minecraft:wooden_pickaxe":5,"minecraft:stone_pickaxe":1,"minecraft:string":1},"minecraft:used":{"alexsmobs:cooked_catfish":1,"minecraft:stone_sword":84,"minecraft:stone_pickaxe":15,"minecraft:wooden_pickaxe":8,"minecraft:iron_sword":59,"minecraft:rotten_flesh":5,"minecraft:white_wool":8,"minecraft:dirt":7,"minecraft:crafting_table":12,"minecraft:carrot":21,"minecraft:white_bed":4,"alexsmobs:maggot":2,"minecraft:apple":3,"minecraft:chicken":2,"minecraft:bread":9,"minecraft:iron_pickaxe":6,"minecraft:iron_helmet":1,"minecraft:stone_axe":42,"minecraft:cobblestone":2,"minecraft:furnace":1,"alexsmobs:animal_dictionary":5,"quark:blossom_planks":4,"minecraft:egg":1,"minecraft:cooked_beef":2,"minecraft:potato":30},"minecraft:mined":{"minecraft:white_bed":4,"quark:oak_chest":1,"minecraft:crafting_table":11,"minecraft:grass_block":5,"quark:blossom_log":7,"minecraft:copper_ore":5,"minecraft:tall_grass":2,"minecraft:cobblestone":2,"minecraft:sugar_cane":1,"minecraft:furnace":1,"quark:blossom_planks":1,"minecraft:grass":21,"minecraft:oak_log":14,"minecraft:stripped_oak_log":1,"minecraft:dirt":7,"minecraft:stone":18,"minecraft:white_wool":8,"minecraft:oak_leaves":3},"minecraft:killed_by":{"minecraft:skeleton":1,"minecraft:zombie":1,"minecraft:enderman":1,"minecraft:iron_golem":2},"minecraft:killed":{"minecraft:spider":22,"minecraft:iron_golem":4,"minecraft:sheep":2,"minecraft:skeleton":6,"minecraft:zombie":22,"minecraft:chicken":2,"alexsmobs:fly":2,"minecraft:drowned":2},"minecraft:custom":{"minecraft:interact_with_furnace":11,"minecraft:mob_kills":32,"minecraft:interact_with_crafting_table":37,"minecraft:leave_game":2,"minecraft:time_since_death":35407,"minecraft:sleep_in_bed":9,"minecraft:climb_one_cm":2043,"minecraft:time_since_rest":35435,"minecraft:sprint_one_cm":478658,"minecraft:damage_taken":5912,"minecraft:walk_one_cm":420262,"minecraft:drop":16,"minecraft:damage_dealt":7107,"minecraft:swim_one_cm":12057,"minecraft:fly_one_cm":483097,"minecraft:talked_to_villager":6,"minecraft:open_chest":18,"minecraft:crouch_one_cm":17642,"minecraft:play_time":154090,"minecraft:deaths":7,"minecraft:sneak_time":4010,"minecraft:walk_under_water_one_cm":5438,"minecraft:interact_with_brewingstand":1,"minecraft:jump":1133,"minecraft:walk_on_water_one_cm":22479,"minecraft:total_world_time":154090,"minecraft:fall_one_cm":59456},"minecraft:picked_up":{"minecraft:stripped_oak_log":1,"minecraft:charcoal":30,"minecraft:crafting_table":15,"minecraft:feather":13,"minecraft:cooked_beef":2,"minecraft:chicken":2,"minecraft:leather":4,"minecraft:wooden_pickaxe":4,"minecraft:potato":52,"realisticforgingores:copperore":14,"minecraft:oak_log":14,"minecraft:dirt":26,"minecraft:string":24,"minecraft:bone":7,"minecraft:wheat_seeds":32,"minecraft:stone_pickaxe":7,"minecraft:iron_ingot":29,"artifacts:kitty_slippers":6,"minecraft:poppy":5,"minecraft:iron_pickaxe":2,"minecraft:sugar_cane":3,"minecraft:oak_planks":6,"minecraft:egg":3,"minecraft:furnace":5,"minecraft:stick":41,"sophisticatedbackpacks:backpack":1,"quark:blossom_log":6,"minecraft:ink_sac":1,"minecraft:white_bed":6,"minecraft:carrot":13,"minecraft:spider_eye":3,"quark:oak_chest":1,"alexsmobs:animal_dictionary":6,"quark:blossom_planks":79,"minecraft:arrow":2,"alexsmobs:raw_catfish":2,"minecraft:stone_sword":6,"minecraft:rotten_flesh":34,"minecraft:stone_axe":6,"realistictorches:unlit_torch":20,"minecraft:iron_helmet":3,"minecraft:hay_block":6,"minecraft:bread":3,"minecraft:saddle":12,"minecraft:emerald":2,"alexsmobs:maggot":2,"minecraft:oak_sapling":2,"minecraft:mutton":1,"minecraft:white_wool":11,"minecraft:cobblestone":37}},"DataVersion":3465}