{"stats":{"minecraft:broken":{"minecraft:iron_pickaxe":1},"minecraft:crafted":{"minecraft:oak_door":3,"minecraft:oak_planks":368,"minecraft:stone_shovel":1,"realisticforgingores:two_sticks":5,"minecraft:cooked_chicken":2,"minecraft:furnace":3,"realistictorches:matchbox":1,"minecraft:cooked_mutton":6,"minecraft:flint_and_steel":3,"minecraft:iron_boots":1,"minecraft:iron_axe":1,"minecraft:stone_pickaxe":2,"realistictorches:unlit_torch":52,"alexsmobs:cooked_catfish":1,"realisticforgingores:smithing_stone_hammer":1,"sophisticatedbackpacks:iron_backpack":1,"minecraft:wheat":18,"minecraft:oak_slab":6,"quark:blossom_planks":24,"sophisticatedbackpacks:backpack":1,"minecraft:crafting_table":6,"minecraft:wooden_pickaxe":2,"minecraft:iron_helmet":1,"minecraft:iron_sword":3,"minecraft:bucket":1,"minecraft:stone_axe":1,"minecraft:bread":6,"minecraft:air":0,"realisticforgingores:hotrawironore":3,"minecraft:iron_chestplate":1,"minecraft:paper":3,"minecraft:charcoal":7,"minecraft:shield":1,"minecraft:stick":88,"quark:oak_chest":1,"minecraft:iron_pickaxe":2,"minecraft:stone_sword":2,"minecraft:iron_leggings":1},"minecraft:dropped":{"sophisticatedbackpacks:iron_backpack":2,"minecraft:iron_sword":1,"minecraft:wheat_seeds":1,"minecraft:feather":4,"minecraft:iron_helmet":2,"minecraft:saddle":2,"realisticforgingores:cleanedironore":1,"minecraft:dirt":6,"minecraft:sand":1,"minecraft:string":1,"minecraft:stone_axe":2,"minecraft:stone_sword":1,"minecraft:rotten_flesh":8,"sophisticatedbackpacks:backpack":1,"create:asurine":2,"minecraft:poppy":2,"minecraft:oak_sapling":1,"minecraft:bow":1,"minecraft:wooden_pickaxe":6,"minecraft:stone_pickaxe":2},"minecraft:used":{"realisticforgingores:big_stone":1,"minecraft:stone_sword":122,"sophisticatedbackpacks:iron_backpack":1,"minecraft:stone_shovel":62,"minecraft:shield":48,"minecraft:iron_sword":251,"minecraft:cooked_chicken":2,"minecraft:rotten_flesh":15,"minecraft:oak_door":3,"minecraft:dirt":14,"minecraft:carrot":21,"additionaladditions:chicken_nugget":2,"alexsmobs:maggot":2,"minecraft:iron_axe":126,"minecraft:iron_helmet":2,"minecraft:iron_boots":1,"minecraft:smooth_basalt":3,"minecraft:sweet_berries":19,"minecraft:furnace":3,"quark:blossom_planks":4,"minecraft:egg":2,"minecraft:cooked_beef":2,"minecraft:potato":57,"minecraft:cooked_mutton":6,"alexsmobs:cooked_catfish":1,"minecraft:diorite":2,"minecraft:stone_pickaxe":24,"minecraft:oak_planks":260,"minecraft:wooden_pickaxe":12,"minecraft:white_wool":8,"minecraft:crafting_table":19,"minecraft:white_bed":7,"minecraft:apple":5,"minecraft:chicken":5,"minecraft:bread":9,"minecraft:iron_pickaxe":383,"minecraft:stone_axe":42,"minecraft:cobblestone":14,"alexsmobs:animal_dictionary":5,"realistictorches:unlit_torch":31},"minecraft:mined":{"create:zinc_ore":4,"minecraft:large_amethyst_bud":1,"minecraft:white_bed":6,"minecraft:granite":4,"minecraft:budding_amethyst":2,"minecraft:grass_block":14,"sophisticatedbackpacks:iron_backpack":1,"minecraft:spruce_leaves":9,"minecraft:large_fern":6,"minecraft:furnace":2,"minecraft:iron_ore":42,"minecraft:andesite":4,"quark:blossom_planks":1,"create:asurine":1,"minecraft:oak_stairs":3,"minecraft:stripped_oak_log":1,"minecraft:stone":187,"minecraft:white_wool":8,"realisticforgingores:big_stone":1,"quark:oak_chest":1,"minecraft:amethyst_cluster":3,"minecraft:crafting_table":15,"minecraft:calcite":6,"quark:blossom_log":7,"minecraft:tall_grass":5,"minecraft:copper_ore":5,"minecraft:cobblestone":18,"realistictorches:torch_wall":2,"minecraft:sugar_cane":1,"minecraft:oak_planks":32,"minecraft:diorite":4,"minecraft:amethyst_block":10,"minecraft:birch_log":6,"minecraft:sweet_berry_bush":12,"minecraft:grass":30,"minecraft:oak_log":98,"minecraft:coal_ore":85,"minecraft:gravel":62,"minecraft:dirt":26,"minecraft:smooth_basalt":5,"minecraft:gold_ore":9,"minecraft:oak_leaves":36,"minecraft:fern":1},"minecraft:killed_by":{"minecraft:enderman":1,"minecraft:iron_golem":3,"minecraft:skeleton":1,"minecraft:zombie":4},"minecraft:killed":{"minecraft:spider":36,"minecraft:skeleton":36,"minecraft:chicken":4,"minecraft:drowned":2,"minecraft:iron_golem":8,"minecraft:creeper":10,"minecraft:sheep":8,"minecraft:zombie":78,"alexsmobs:fly":2,"minecraft:cow":4},"minecraft:custom":{"minecraft:mob_kills":99,"minecraft:interact_with_crafting_table":65,"minecraft:leave_game":3,"minecraft:time_since_death":27485,"minecraft:climb_one_cm":2563,"minecraft:sprint_one_cm":805241,"minecraft:walk_one_cm":923502,"minecraft:damage_blocked_by_shield":1530,"minecraft:drop":37,"minecraft:damage_dealt_absorbed":161,"minecraft:talked_to_villager":6,"minecraft:play_time":304526,"minecraft:deaths":12,"minecraft:sneak_time":9622,"minecraft:walk_under_water_one_cm":7764,"minecraft:interact_with_brewingstand":1,"minecraft:jump":2383,"minecraft:walk_on_water_one_cm":37294,"minecraft:total_world_time":304526,"minecraft:interact_with_furnace":24,"minecraft:sleep_in_bed":23,"minecraft:time_since_rest":7360,"minecraft:damage_taken":9215,"minecraft:damage_dealt":20364,"minecraft:swim_one_cm":12724,"minecraft:fly_one_cm":821650,"minecraft:open_chest":21,"minecraft:crouch_one_cm":35976,"minecraft:fall_one_cm":89354},"minecraft:picked_up":{"realisticforgingores:rawgoldore":22,"minecraft:charcoal":30,"minecraft:crafting_table":23,"minecraft:iron_chestplate":2,"minecraft:chicken":7,"minecraft:wooden_pickaxe":4,"minecraft:oak_stairs":3,"minecraft:amethyst_block":9,"minecraft:string":28,"minecraft:iron_axe":2,"minecraft:iron_leggings":2,"additionaladditions:chicken_nugget":2,"minecraft:bucket":2,"minecraft:beef":6,"minecraft:calcite":6,"minecraft:poppy":5,"minecraft:iron_pickaxe":4,"minecraft:sugar_cane":3,"minecraft:birch_sapling":3,"minecraft:furnace":6,"minecraft:iron_boots":2,"minecraft:egg":11,"realisticforgingores:big_stone":1,"minecraft:stick":63,"sophisticatedbackpacks:backpack":1,"quark:blossom_log":6,"minecraft:diorite":4,"minecraft:carrot":13,"quark:blossom_planks":79,"minecraft:stone_sword":7,"minecraft:arrow":20,"minecraft:rotten_flesh":70,"minecraft:hay_block":6,"create:asurine":2,"minecraft:saddle":12,"minecraft:mutton":8,"minecraft:cobblestone":222,"minecraft:white_wool":13,"minecraft:stripped_oak_log":1,"minecraft:birch_log":18,"minecraft:feather":17,"minecraft:cooked_beef":2,"minecraft:andesite":4,"minecraft:leather":8,"minecraft:potato":55,"minecraft:flint":10,"minecraft:oak_log":114,"create:raw_zinc":4,"realisticforgingores:copperore":14,"minecraft:gunpowder":4,"minecraft:dirt":58,"realisticforgingores:raw_iron_ore":109,"minecraft:bone":19,"minecraft:apple":6,"minecraft:bow":2,"minecraft:wheat_seeds":34,"minecraft:stone_pickaxe":10,"minecraft:iron_ingot":41,"artifacts:kitty_slippers":8,"minecraft:iron_sword":4,"minecraft:oak_planks":156,"minecraft:smooth_basalt":5,"minecraft:sweet_berries":19,"minecraft:gravel":51,"minecraft:amethyst_shard":12,"sophisticatedbackpacks:iron_backpack":8,"minecraft:ink_sac":1,"minecraft:white_bed":10,"alexsmobs:animal_dictionary":6,"quark:oak_chest":1,"minecraft:spider_eye":5,"alexsmobs:raw_catfish":2,"realisticforgingores:cleanedironore":1,"minecraft:stone_axe":6,"realistictorches:unlit_torch":22,"minecraft:iron_helmet":6,"minecraft:granite":4,"minecraft:emerald":2,"minecraft:bread":3,"alexsmobs:maggot":2,"minecraft:oak_sapling":40,"minecraft:black_wool":2,"minecraft:coal":85}},"DataVersion":3465}