{"stats":{"minecraft:crafted":{"minecraft:oak_planks":20,"quark:blossom_planks":24,"minecraft:crafting_table":2,"minecraft:wooden_pickaxe":1,"minecraft:furnace":1,"minecraft:stone_axe":1,"minecraft:bread":6,"minecraft:air":0,"minecraft:charcoal":7,"minecraft:stick":16,"minecraft:stone_pickaxe":1,"realistictorches:unlit_torch":4,"minecraft:stone_sword":1,"alexsmobs:cooked_catfish":1,"minecraft:wheat":18},"minecraft:dropped":{"minecraft:stone_axe":1,"minecraft:wheat_seeds":1,"minecraft:stone_pickaxe":1,"minecraft:wooden_pickaxe":5},"minecraft:used":{"alexsmobs:cooked_catfish":1,"minecraft:stone_sword":35,"minecraft:stone_pickaxe":15,"minecraft:wooden_pickaxe":8,"minecraft:dirt":1,"minecraft:crafting_table":7,"minecraft:white_bed":4,"alexsmobs:maggot":2,"minecraft:apple":3,"minecraft:chicken":1,"minecraft:bread":6,"minecraft:stone_axe":26,"minecraft:cobblestone":2,"minecraft:furnace":1,"quark:blossom_planks":4,"alexsmobs:animal_dictionary":4,"minecraft:egg":1,"minecraft:cooked_beef":2},"minecraft:mined":{"minecraft:white_bed":4,"minecraft:crafting_table":6,"minecraft:grass_block":2,"quark:blossom_log":7,"minecraft:tall_grass":1,"minecraft:cobblestone":2,"minecraft:furnace":1,"quark:blossom_planks":1,"minecraft:grass":3,"minecraft:oak_log":12,"minecraft:dirt":1,"minecraft:stone":17,"minecraft:oak_leaves":3},"minecraft:killed_by":{"minecraft:enderman":1,"minecraft:iron_golem":1},"minecraft:killed":{"minecraft:iron_golem":2,"minecraft:skeleton":2,"minecraft:zombie":6,"minecraft:drowned":2,"alexsmobs:fly":2},"minecraft:custom":{"minecraft:interact_with_furnace":11,"minecraft:mob_kills":7,"minecraft:interact_with_crafting_table":14,"minecraft:time_since_death":602,"minecraft:sleep_in_bed":8,"minecraft:climb_one_cm":1944,"minecraft:time_since_rest":655,"minecraft:sprint_one_cm":194560,"minecraft:damage_taken":4455,"minecraft:walk_one_cm":284069,"minecraft:drop":8,"minecraft:damage_dealt":2182,"minecraft:swim_one_cm":5825,"minecraft:talked_to_villager":6,"minecraft:fly_one_cm":361980,"minecraft:open_chest":5,"minecraft:crouch_one_cm":17045,"minecraft:play_time":97315,"minecraft:deaths":4,"minecraft:sneak_time":2865,"minecraft:walk_under_water_one_cm":4789,"minecraft:jump":589,"minecraft:interact_with_brewingstand":1,"minecraft:walk_on_water_one_cm":18947,"minecraft:total_world_time":97315,"minecraft:fall_one_cm":45353},"minecraft:picked_up":{"minecraft:charcoal":12,"minecraft:crafting_table":9,"minecraft:feather":4,"minecraft:cooked_beef":2,"minecraft:chicken":1,"minecraft:wooden_pickaxe":4,"minecraft:potato":39,"minecraft:oak_log":12,"minecraft:string":1,"minecraft:dirt":6,"minecraft:bone":4,"minecraft:wheat_seeds":16,"minecraft:iron_ingot":10,"minecraft:stone_pickaxe":4,"artifacts:kitty_slippers":3,"minecraft:poppy":3,"minecraft:oak_planks":3,"minecraft:egg":1,"minecraft:furnace":2,"minecraft:stick":27,"quark:blossom_log":6,"minecraft:ink_sac":1,"minecraft:white_bed":6,"quark:blossom_planks":19,"alexsmobs:animal_dictionary":3,"alexsmobs:raw_catfish":2,"minecraft:stone_sword":3,"minecraft:rotten_flesh":12,"minecraft:stone_axe":3,"realistictorches:unlit_torch":8,"minecraft:hay_block":6,"minecraft:bread":3,"minecraft:emerald":2,"minecraft:saddle":6,"alexsmobs:maggot":2,"minecraft:oak_sapling":2,"minecraft:cobblestone":30}},"DataVersion":3465}