{"stats":{"minecraft:crafted":{"minecraft:oak_door":3,"minecraft:oak_planks":328,"minecraft:cooked_chicken":2,"minecraft:furnace":2,"realistictorches:matchbox":1,"minecraft:cooked_mutton":6,"minecraft:iron_boots":1,"minecraft:iron_axe":1,"minecraft:stone_pickaxe":1,"realistictorches:unlit_torch":16,"alexsmobs:cooked_catfish":1,"minecraft:wheat":18,"sophisticatedbackpacks:iron_backpack":1,"minecraft:oak_slab":6,"quark:blossom_planks":24,"sophisticatedbackpacks:backpack":1,"minecraft:crafting_table":4,"minecraft:wooden_pickaxe":1,"minecraft:iron_helmet":1,"minecraft:iron_sword":3,"minecraft:bucket":1,"minecraft:stone_axe":1,"minecraft:bread":6,"minecraft:air":0,"minecraft:iron_chestplate":1,"minecraft:paper":3,"minecraft:charcoal":7,"minecraft:shield":1,"minecraft:stick":24,"quark:oak_chest":1,"minecraft:iron_pickaxe":1,"minecraft:stone_sword":1,"minecraft:iron_leggings":1},"minecraft:dropped":{"sophisticatedbackpacks:iron_backpack":1,"minecraft:iron_sword":1,"minecraft:wheat_seeds":1,"minecraft:iron_helmet":2,"minecraft:feather":4,"minecraft:saddle":2,"minecraft:sand":1,"minecraft:string":1,"minecraft:stone_axe":2,"minecraft:stone_sword":1,"minecraft:rotten_flesh":8,"sophisticatedbackpacks:backpack":1,"minecraft:poppy":2,"minecraft:stone_pickaxe":1,"minecraft:wooden_pickaxe":5},"minecraft:used":{"minecraft:stone_sword":84,"minecraft:shield":8,"minecraft:iron_sword":149,"minecraft:cooked_chicken":1,"minecraft:rotten_flesh":5,"minecraft:oak_door":3,"minecraft:dirt":11,"minecraft:carrot":21,"additionaladditions:chicken_nugget":1,"alexsmobs:maggot":2,"minecraft:iron_axe":126,"minecraft:iron_helmet":2,"minecraft:iron_boots":1,"minecraft:furnace":2,"quark:blossom_planks":4,"minecraft:egg":1,"minecraft:cooked_beef":2,"minecraft:potato":57,"minecraft:cooked_mutton":1,"alexsmobs:cooked_catfish":1,"minecraft:diorite":2,"minecraft:stone_pickaxe":15,"minecraft:oak_planks":260,"minecraft:wooden_pickaxe":8,"minecraft:white_wool":8,"minecraft:crafting_table":16,"minecraft:white_bed":5,"minecraft:apple":5,"minecraft:bread":9,"minecraft:chicken":5,"minecraft:iron_pickaxe":37,"minecraft:stone_axe":42,"minecraft:cobblestone":7,"alexsmobs:animal_dictionary":5,"realistictorches:unlit_torch":4},"minecraft:mined":{"minecraft:white_bed":5,"minecraft:grass_block":5,"minecraft:furnace":2,"quark:blossom_planks":1,"minecraft:stripped_oak_log":1,"minecraft:stone":33,"minecraft:white_wool":8,"quark:oak_chest":1,"minecraft:crafting_table":14,"quark:blossom_log":7,"minecraft:cobblestone":9,"minecraft:tall_grass":5,"minecraft:copper_ore":5,"minecraft:sugar_cane":1,"minecraft:oak_planks":29,"minecraft:diorite":4,"minecraft:birch_log":6,"minecraft:grass":28,"minecraft:coal_ore":3,"minecraft:oak_log":88,"minecraft:dirt":7,"minecraft:oak_leaves":33},"minecraft:killed_by":{"minecraft:enderman":1,"minecraft:iron_golem":2,"minecraft:skeleton":1,"minecraft:zombie":3},"minecraft:killed":{"minecraft:spider":22,"minecraft:skeleton":12,"minecraft:chicken":4,"minecraft:drowned":2,"minecraft:iron_golem":6,"minecraft:creeper":2,"minecraft:sheep":8,"minecraft:zombie":48,"alexsmobs:fly":2},"minecraft:custom":{"minecraft:mob_kills":57,"minecraft:interact_with_crafting_table":50,"minecraft:leave_game":2,"minecraft:time_since_death":26518,"minecraft:climb_one_cm":2563,"minecraft:sprint_one_cm":581147,"minecraft:walk_one_cm":545473,"minecraft:damage_blocked_by_shield":240,"minecraft:drop":28,"minecraft:damage_dealt_absorbed":161,"minecraft:talked_to_villager":6,"minecraft:play_time":202090,"minecraft:deaths":9,"minecraft:sneak_time":5506,"minecraft:walk_under_water_one_cm":7182,"minecraft:jump":1474,"minecraft:interact_with_brewingstand":1,"minecraft:walk_on_water_one_cm":26916,"minecraft:total_world_time":202090,"minecraft:interact_with_furnace":16,"minecraft:sleep_in_bed":16,"minecraft:time_since_rest":26548,"minecraft:damage_taken":6798,"minecraft:damage_dealt":11893,"minecraft:swim_one_cm":12057,"minecraft:fly_one_cm":503529,"minecraft:open_chest":21,"minecraft:crouch_one_cm":20922,"minecraft:fall_one_cm":65671},"minecraft:picked_up":{"minecraft:charcoal":30,"minecraft:crafting_table":22,"minecraft:iron_chestplate":2,"minecraft:chicken":7,"minecraft:wooden_pickaxe":4,"minecraft:string":24,"minecraft:iron_axe":2,"minecraft:iron_leggings":2,"additionaladditions:chicken_nugget":2,"minecraft:bucket":2,"minecraft:poppy":5,"minecraft:iron_pickaxe":4,"minecraft:sugar_cane":3,"minecraft:birch_sapling":1,"minecraft:furnace":6,"minecraft:iron_boots":2,"minecraft:egg":10,"minecraft:stick":59,"sophisticatedbackpacks:backpack":1,"quark:blossom_log":6,"minecraft:diorite":4,"minecraft:carrot":13,"quark:blossom_planks":79,"minecraft:stone_sword":6,"minecraft:arrow":9,"minecraft:rotten_flesh":59,"minecraft:hay_block":6,"minecraft:saddle":12,"minecraft:mutton":8,"minecraft:cobblestone":59,"minecraft:white_wool":13,"minecraft:stripped_oak_log":1,"minecraft:birch_log":18,"minecraft:feather":17,"minecraft:cooked_beef":2,"minecraft:leather":4,"minecraft:potato":55,"realisticforgingores:copperore":14,"minecraft:oak_log":104,"minecraft:dirt":28,"minecraft:bone":13,"minecraft:apple":6,"minecraft:wheat_seeds":33,"minecraft:iron_ingot":37,"minecraft:stone_pickaxe":9,"artifacts:kitty_slippers":8,"minecraft:oak_planks":135,"minecraft:iron_sword":4,"sophisticatedbackpacks:iron_backpack":6,"minecraft:ink_sac":1,"minecraft:white_bed":7,"quark:oak_chest":1,"alexsmobs:animal_dictionary":6,"minecraft:spider_eye":3,"alexsmobs:raw_catfish":2,"minecraft:stone_axe":6,"realistictorches:unlit_torch":20,"minecraft:iron_helmet":6,"minecraft:emerald":2,"minecraft:bread":3,"alexsmobs:maggot":2,"minecraft:oak_sapling":37,"minecraft:black_wool":2,"minecraft:coal":3}},"DataVersion":3465}