{"stats":{"minecraft:used":{"alexsmobs:animal_dictionary":4},"minecraft:custom":{"minecraft:jump":68,"minecraft:time_since_rest":16282,"minecraft:damage_dealt":123,"minecraft:crouch_one_cm":105,"minecraft:damage_taken":70,"minecraft:sprint_one_cm":19221,"minecraft:play_time":16282,"minecraft:time_since_death":16282,"minecraft:walk_one_cm":26119,"minecraft:sneak_time":29,"minecraft:total_world_time":16282,"minecraft:talked_to_villager":2,"minecraft:fall_one_cm":2636,"minecraft:fly_one_cm":11507}},"DataVersion":3465}