{"stats":{"minecraft:used":{"minecraft:apple":3,"minecraft:white_bed":1,"alexsmobs:animal_dictionary":4,"minecraft:egg":1},"minecraft:mined":{"minecraft:white_bed":2},"minecraft:picked_up":{"minecraft:chicken":1,"minecraft:wheat_seeds":1,"minecraft:hay_block":2,"minecraft:white_bed":2,"minecraft:egg":1},"minecraft:custom":{"minecraft:time_since_rest":923,"minecraft:open_chest":2,"minecraft:crouch_one_cm":140,"minecraft:play_time":34282,"minecraft:sprint_one_cm":47254,"minecraft:damage_taken":260,"minecraft:walk_one_cm":106466,"minecraft:sneak_time":30,"minecraft:interact_with_brewingstand":1,"minecraft:jump":194,"minecraft:damage_dealt":133,"minecraft:time_since_death":34282,"minecraft:sleep_in_bed":1,"minecraft:total_world_time":34282,"minecraft:climb_one_cm":466,"minecraft:talked_to_villager":5,"minecraft:fall_one_cm":5911,"minecraft:fly_one_cm":19539}},"DataVersion":3465}