{"stats":{"minecraft:crafted":{"minecraft:oak_planks":20,"minecraft:crafting_table":2,"minecraft:stick":16,"minecraft:wooden_pickaxe":1,"minecraft:stone_pickaxe":1,"minecraft:stone_sword":1,"minecraft:stone_axe":1},"minecraft:dropped":{"minecraft:stone_axe":1,"minecraft:wheat_seeds":1,"minecraft:stone_pickaxe":1,"minecraft:wooden_pickaxe":5},"minecraft:used":{"alexsmobs:maggot":2,"minecraft:stone_sword":1,"minecraft:apple":3,"minecraft:chicken":1,"minecraft:bread":3,"minecraft:stone_pickaxe":5,"minecraft:wooden_pickaxe":8,"minecraft:stone_axe":7,"minecraft:crafting_table":5,"minecraft:white_bed":2,"alexsmobs:animal_dictionary":4,"minecraft:egg":1,"minecraft:cooked_beef":2},"minecraft:mined":{"minecraft:white_bed":3,"minecraft:crafting_table":4,"minecraft:grass":2,"minecraft:oak_log":5,"minecraft:stone":11,"minecraft:oak_leaves":2},"minecraft:picked_up":{"minecraft:stick":2,"minecraft:crafting_table":4,"minecraft:feather":1,"minecraft:cooked_beef":2,"minecraft:chicken":1,"minecraft:wooden_pickaxe":4,"minecraft:oak_log":5,"minecraft:white_bed":3,"alexsmobs:raw_catfish":1,"minecraft:bone":1,"minecraft:rotten_flesh":2,"minecraft:stone_axe":1,"minecraft:wheat_seeds":4,"minecraft:hay_block":2,"minecraft:stone_pickaxe":1,"alexsmobs:maggot":2,"minecraft:poppy":1,"minecraft:cobblestone":12,"minecraft:egg":1},"minecraft:killed":{"minecraft:skeleton":2,"alexsmobs:fly":2},"minecraft:custom":{"minecraft:time_since_rest":2174,"minecraft:sprint_one_cm":96638,"minecraft:damage_taken":3710,"minecraft:walk_one_cm":208171,"minecraft:mob_kills":2,"minecraft:drop":8,"minecraft:damage_dealt":402,"minecraft:talked_to_villager":5,"minecraft:swim_one_cm":3477,"minecraft:interact_with_crafting_table":11,"minecraft:fly_one_cm":313826,"minecraft:open_chest":4,"minecraft:crouch_one_cm":5567,"minecraft:play_time":68609,"minecraft:deaths":2,"minecraft:sneak_time":799,"minecraft:walk_under_water_one_cm":4716,"minecraft:jump":340,"minecraft:interact_with_brewingstand":1,"minecraft:time_since_death":2123,"minecraft:walk_on_water_one_cm":18297,"minecraft:sleep_in_bed":5,"minecraft:total_world_time":68609,"minecraft:climb_one_cm":1682,"minecraft:fall_one_cm":38969}},"DataVersion":3465}