{"stats":{"minecraft:mined":{"create:zinc_ore":16,"minecraft:large_amethyst_bud":1,"minecraft:spruce_planks":16,"minecraft:white_bed":7,"minecraft:budding_amethyst":2,"minecraft:granite":4,"minecraft:grass_block":14,"sophisticatedbackpacks:iron_backpack":1,"minecraft:spruce_leaves":10,"minecraft:large_fern":7,"minecraft:tall_seagrass":1,"minecraft:furnace":3,"minecraft:iron_ore":70,"minecraft:fire":9,"minecraft:pumpkin":18,"minecraft:andesite":4,"quark:blossom_planks":1,"minecraft:dark_oak_stairs":4,"create:asurine":1,"minecraft:oak_stairs":3,"minecraft:stripped_oak_log":1,"minecraft:stone":393,"minecraft:white_wool":8,"realisticforgingores:big_stone":2,"quark:oak_chest":2,"minecraft:smoker":3,"minecraft:amethyst_cluster":3,"minecraft:crafting_table":18,"minecraft:calcite":6,"quark:blossom_log":7,"minecraft:copper_ore":5,"minecraft:tall_grass":5,"minecraft:cobblestone":22,"realistictorches:torch_wall":3,"minecraft:lapis_ore":4,"minecraft:lily_pad":1,"minecraft:sugar_cane":1,"minecraft:oak_planks":32,"minecraft:diorite":4,"minecraft:amethyst_block":10,"minecraft:seagrass":1,"minecraft:dark_oak_door":1,"minecraft:birch_log":6,"minecraft:sweet_berry_bush":30,"minecraft:spruce_log":17,"minecraft:grass":30,"minecraft:oak_log":98,"minecraft:coal_ore":87,"minecraft:gravel":62,"minecraft:dirt":28,"minecraft:smooth_basalt":5,"minecraft:gold_ore":9,"minecraft:oak_leaves":36,"minecraft:fern":1,"minecraft:dark_oak_planks":5},"minecraft:broken":{"minecraft:stone_sword":1,"minecraft:stone_pickaxe":1,"minecraft:iron_pickaxe":2},"minecraft:killed":{"alexsmobs:lobster":2,"minecraft:spider":44,"minecraft:skeleton":38,"minecraft:chicken":10,"minecraft:llama":4,"minecraft:drowned":10,"sleep_tight:bedbug":2,"minecraft:iron_golem":8,"minecraft:creeper":16,"minecraft:sheep":8,"alexsmobs:catfish":2,"minecraft:zombie":118,"alexsmobs:fly":2,"alexsmobs:crow":2,"minecraft:cow":4},"minecraft:dropped":{"sophisticatedbackpacks:iron_backpack":2,"minecraft:iron_sword":1,"minecraft:dark_oak_stairs":3,"minecraft:wheat_seeds":4,"minecraft:feather":5,"minecraft:iron_helmet":2,"minecraft:saddle":2,"minecraft:flint":7,"minecraft:stick":8,"realisticforgingores:cleanedironore":1,"minecraft:dirt":6,"minecraft:ink_sac":1,"realisticforgingores:hotrawironore":2,"minecraft:sand":1,"minecraft:string":1,"minecraft:stone_axe":2,"minecraft:sweet_berries":13,"minecraft:stone_sword":2,"minecraft:rotten_flesh":26,"sophisticatedbackpacks:backpack":1,"create:asurine":2,"minecraft:pumpkin_seeds":5,"minecraft:poppy":2,"realisticforgingores:two_sticks":5,"minecraft:gunpowder":4,"minecraft:oak_sapling":2,"minecraft:bow":1,"minecraft:wooden_pickaxe":6,"minecraft:stone_pickaxe":3},"minecraft:picked_up":{"realisticforgingores:rawgoldore":22,"minecraft:charcoal":30,"minecraft:crafting_table":27,"minecraft:iron_chestplate":3,"minecraft:chicken":11,"minecraft:wooden_pickaxe":4,"minecraft:oak_stairs":3,"minecraft:amethyst_block":9,"minecraft:string":40,"minecraft:iron_axe":4,"minecraft:flint_and_steel":8,"minecraft:iron_leggings":4,"minecraft:iron_shovel":2,"realisticforgingores:smithing_stone_hammer":4,"additionaladditions:chicken_nugget":2,"minecraft:spruce_planks":44,"minecraft:bucket":3,"minecraft:beef":6,"minecraft:calcite":6,"minecraft:iron_nugget":14,"minecraft:poppy":7,"minecraft:iron_pickaxe":6,"minecraft:sugar_cane":3,"minecraft:birch_sapling":3,"minecraft:furnace":10,"minecraft:iron_boots":4,"minecraft:egg":11,"minecraft:dark_oak_door":1,"minecraft:dark_oak_sapling":1,"minecraft:stick":71,"realisticforgingores:big_stone":3,"sophisticatedbackpacks:backpack":1,"quark:blossom_log":6,"minecraft:diorite":4,"minecraft:carrot":16,"quark:blossom_planks":79,"minecraft:dark_oak_planks":2,"minecraft:stone_sword":10,"minecraft:arrow":41,"minecraft:stone_shovel":4,"minecraft:rotten_flesh":124,"minecraft:hay_block":6,"create:asurine":2,"minecraft:saddle":12,"minecraft:mutton":8,"minecraft:white_wool":13,"minecraft:cobblestone":787,"minecraft:stripped_oak_log":1,"minecraft:birch_log":18,"minecraft:feather":22,"minecraft:cooked_beef":6,"minecraft:andesite":4,"minecraft:leather":11,"realisticforgingores:hotrawironore":3,"minecraft:smoker":5,"minecraft:potato":55,"minecraft:flint":31,"minecraft:oak_log":114,"create:raw_zinc":20,"realisticforgingores:copperore":14,"minecraft:gunpowder":11,"realisticforgingores:blacksmithstongs":1,"minecraft:lapis_lazuli":160,"minecraft:dirt":121,"realisticforgingores:pickedhotrawiron":1,"realisticforgingores:raw_iron_ore":193,"minecraft:bone":35,"minecraft:apple":6,"minecraft:bow":2,"minecraft:wheat_seeds":38,"minecraft:iron_ingot":55,"minecraft:stone_pickaxe":13,"artifacts:kitty_slippers":8,"minecraft:dark_oak_stairs":3,"minecraft:iron_sword":6,"minecraft:oak_planks":156,"minecraft:smooth_basalt":5,"minecraft:pumpkin":18,"minecraft:sweet_berries":164,"minecraft:gravel":51,"minecraft:amethyst_shard":12,"sophisticatedbackpacks:iron_backpack":8,"minecraft:ink_sac":2,"minecraft:white_bed":12,"minecraft:spruce_log":17,"quark:oak_chest":2,"minecraft:spider_eye":6,"alexsmobs:animal_dictionary":6,"alexsmobs:raw_catfish":4,"minecraft:pumpkin_seeds":4,"realisticforgingores:cleanedironore":47,"minecraft:stone_axe":6,"realistictorches:unlit_torch":26,"minecraft:iron_helmet":10,"minecraft:granite":4,"minecraft:emerald":2,"minecraft:bread":3,"alexsmobs:maggot":2,"minecraft:oak_sapling":41,"minecraft:black_wool":2,"minecraft:coal":183},"minecraft:custom":{"minecraft:mob_kills":140,"minecraft:interact_with_crafting_table":103,"minecraft:damage_dealt_resisted":58,"minecraft:leave_game":4,"minecraft:time_since_death":39109,"minecraft:climb_one_cm":2749,"minecraft:sprint_one_cm":1191297,"minecraft:walk_one_cm":1165589,"minecraft:damage_blocked_by_shield":1530,"minecraft:drop":73,"minecraft:damage_dealt_absorbed":161,"minecraft:talked_to_villager":6,"minecraft:play_time":443005,"minecraft:sneak_time":16317,"minecraft:deaths":16,"minecraft:walk_under_water_one_cm":20132,"minecraft:interact_with_brewingstand":1,"minecraft:jump":3590,"minecraft:walk_on_water_one_cm":102490,"minecraft:total_world_time":443005,"minecraft:interact_with_furnace":69,"minecraft:sleep_in_bed":30,"minecraft:time_since_rest":37615,"minecraft:damage_taken":11339,"minecraft:damage_dealt":28516,"minecraft:swim_one_cm":25907,"minecraft:fly_one_cm":955874,"minecraft:open_chest":33,"minecraft:crouch_one_cm":51011,"minecraft:interact_with_smoker":18,"minecraft:fall_one_cm":119567},"minecraft:used":{"realisticforgingores:big_stone":2,"minecraft:stone_sword":217,"sophisticatedbackpacks:iron_backpack":1,"minecraft:flint_and_steel":11,"minecraft:stone_shovel":77,"minecraft:shield":48,"minecraft:iron_sword":291,"minecraft:cooked_chicken":5,"minecraft:rotten_flesh":17,"minecraft:iron_chestplate":2,"minecraft:oak_door":3,"minecraft:dirt":17,"minecraft:hopper":1,"minecraft:carrot":25,"additionaladditions:chicken_nugget":2,"alexsmobs:maggot":2,"quark:spruce_chest":2,"minecraft:iron_axe":181,"minecraft:iron_helmet":7,"minecraft:iron_boots":1,"minecraft:smooth_basalt":3,"minecraft:sweet_berries":147,"minecraft:furnace":4,"quark:blossom_planks":4,"minecraft:egg":2,"minecraft:cooked_beef":8,"minecraft:potato":57,"minecraft:iron_leggings":1,"alexsmobs:raw_catfish":2,"minecraft:cooked_mutton":6,"minecraft:water_bucket":1,"alexsmobs:cooked_catfish":1,"minecraft:diorite":2,"minecraft:stone_pickaxe":146,"minecraft:oak_planks":260,"minecraft:wooden_pickaxe":12,"minecraft:white_wool":8,"minecraft:crafting_table":22,"minecraft:white_bed":8,"minecraft:smoker":3,"minecraft:apple":5,"minecraft:chicken":5,"minecraft:bread":9,"minecraft:iron_pickaxe":529,"minecraft:stone_axe":42,"minecraft:cobblestone":142,"minecraft:bucket":1,"alexsmobs:animal_dictionary":5,"realistictorches:unlit_torch":35,"minecraft:experience_bottle":1},"minecraft:killed_by":{"minecraft:enderman":1,"minecraft:iron_golem":3,"minecraft:skeleton":3,"minecraft:zombie":4},"minecraft:crafted":{"minecraft:oak_door":3,"minecraft:oak_planks":368,"minecraft:stone_shovel":1,"minecraft:iron_nugget":9,"minecraft:cooked_chicken":5,"realisticforgingores:two_sticks":13,"minecraft:furnace":4,"realistictorches:matchbox":1,"minecraft:cooked_mutton":6,"minecraft:flint_and_steel":3,"minecraft:hopper":1,"minecraft:iron_boots":2,"minecraft:iron_axe":2,"minecraft:stone_pickaxe":2,"realistictorches:unlit_torch":52,"alexsmobs:cooked_catfish":1,"quark:spruce_chest":2,"realisticforgingores:smithing_stone_hammer":2,"minecraft:smoker":1,"sophisticatedbackpacks:iron_backpack":1,"minecraft:wheat":18,"minecraft:cooked_beef":6,"minecraft:oak_slab":6,"sophisticatedbackpacks:backpack":1,"quark:blossom_planks":24,"minecraft:crafting_table":7,"minecraft:spruce_planks":52,"minecraft:wooden_pickaxe":2,"minecraft:iron_helmet":3,"minecraft:iron_sword":4,"minecraft:pumpkin_seeds":36,"minecraft:bucket":2,"minecraft:stone_axe":1,"minecraft:bread":6,"minecraft:air":0,"realisticforgingores:hotrawironore":21,"minecraft:iron_chestplate":3,"minecraft:paper":3,"minecraft:charcoal":7,"minecraft:shield":1,"realisticforgingores:blacksmithstongs":1,"minecraft:stick":120,"quark:oak_chest":1,"minecraft:iron_pickaxe":3,"minecraft:stone_sword":2,"minecraft:iron_shovel":1,"minecraft:iron_leggings":2}},"DataVersion":3465}