{"stats":{"minecraft:crafted":{"minecraft:oak_planks":20,"quark:blossom_planks":24,"minecraft:crafting_table":2,"minecraft:stick":16,"minecraft:wooden_pickaxe":1,"minecraft:stone_pickaxe":1,"minecraft:stone_sword":1,"minecraft:furnace":1,"alexsmobs:cooked_catfish":1,"minecraft:stone_axe":1,"minecraft:air":0},"minecraft:dropped":{"minecraft:stone_axe":1,"minecraft:wheat_seeds":1,"minecraft:stone_pickaxe":1,"minecraft:wooden_pickaxe":5},"minecraft:used":{"alexsmobs:cooked_catfish":1,"alexsmobs:maggot":2,"minecraft:stone_sword":1,"minecraft:apple":3,"minecraft:chicken":1,"minecraft:bread":3,"minecraft:stone_pickaxe":12,"minecraft:wooden_pickaxe":8,"minecraft:stone_axe":19,"minecraft:crafting_table":6,"minecraft:furnace":1,"minecraft:white_bed":2,"alexsmobs:animal_dictionary":4,"minecraft:egg":1,"minecraft:cooked_beef":2},"minecraft:mined":{"minecraft:white_bed":3,"minecraft:crafting_table":5,"minecraft:grass":2,"minecraft:grass_block":1,"minecraft:oak_log":8,"quark:blossom_log":7,"minecraft:stone":17,"minecraft:oak_leaves":2},"minecraft:picked_up":{"minecraft:stick":11,"minecraft:crafting_table":6,"minecraft:feather":2,"minecraft:cooked_beef":2,"minecraft:chicken":1,"minecraft:wooden_pickaxe":4,"minecraft:potato":13,"quark:blossom_log":6,"minecraft:oak_log":8,"minecraft:ink_sac":1,"minecraft:white_bed":4,"minecraft:dirt":1,"alexsmobs:animal_dictionary":1,"alexsmobs:raw_catfish":2,"minecraft:stone_sword":1,"minecraft:bone":2,"minecraft:rotten_flesh":4,"minecraft:stone_axe":2,"minecraft:wheat_seeds":8,"minecraft:hay_block":4,"artifacts:kitty_slippers":1,"minecraft:emerald":1,"minecraft:saddle":2,"minecraft:stone_pickaxe":2,"alexsmobs:maggot":2,"minecraft:poppy":2,"minecraft:oak_sapling":1,"minecraft:oak_planks":1,"minecraft:cobblestone":24,"minecraft:egg":1},"minecraft:killed":{"minecraft:skeleton":2,"alexsmobs:fly":2},"minecraft:custom":{"minecraft:time_since_rest":8956,"minecraft:interact_with_furnace":5,"minecraft:sprint_one_cm":137071,"minecraft:damage_taken":3740,"minecraft:walk_one_cm":244436,"minecraft:mob_kills":2,"minecraft:drop":8,"minecraft:damage_dealt":402,"minecraft:talked_to_villager":6,"minecraft:swim_one_cm":5825,"minecraft:interact_with_crafting_table":12,"minecraft:fly_one_cm":331781,"minecraft:open_chest":4,"minecraft:crouch_one_cm":16349,"minecraft:play_time":80609,"minecraft:deaths":2,"minecraft:sneak_time":1888,"minecraft:walk_under_water_one_cm":4789,"minecraft:jump":441,"minecraft:interact_with_brewingstand":1,"minecraft:time_since_death":14123,"minecraft:walk_on_water_one_cm":18947,"minecraft:sleep_in_bed":6,"minecraft:total_world_time":80609,"minecraft:climb_one_cm":1944,"minecraft:fall_one_cm":41053}},"DataVersion":3465}