{"stats":{"minecraft:used":{"minecraft:apple":3,"alexsmobs:animal_dictionary":4,"minecraft:egg":1},"minecraft:mined":{"minecraft:white_bed":1},"minecraft:picked_up":{"minecraft:chicken":1,"minecraft:hay_block":1,"minecraft:white_bed":1,"minecraft:egg":1},"minecraft:custom":{"minecraft:time_since_rest":28282,"minecraft:open_chest":1,"minecraft:crouch_one_cm":140,"minecraft:play_time":28282,"minecraft:sprint_one_cm":41143,"minecraft:damage_taken":260,"minecraft:walk_one_cm":88880,"minecraft:sneak_time":30,"minecraft:interact_with_brewingstand":1,"minecraft:jump":174,"minecraft:damage_dealt":133,"minecraft:time_since_death":28282,"minecraft:total_world_time":28282,"minecraft:climb_one_cm":272,"minecraft:talked_to_villager":5,"minecraft:fall_one_cm":5284,"minecraft:fly_one_cm":17367}},"DataVersion":3465}