{
  "__COMMENT1": "To apply this configuration to all newly generated worlds",
  "__COMMENT2": "please place this configuration file into your config directory",
  "__COMMENT3": "with the following name: cpm-server-default.json",
  "skins": {
    "6471eb5c-fd50-3a90-b4e8-5937607dc6be": {}
  },
  "player_scaling": {
    "6471eb5c-fd50-3a90-b4e8-5937607dc6be": {},
    "d5e4b4fc-08ca-31c7-898c-437f0e9ba547": {},
    "b717ee55-34ab-3186-8cb0-86fc42cda51e": {}
  },
  "player_scaling_settings": {},
  "scaling_settings": {
    "motion": {},
    "mob_visibility": {},
    "defense": {},
    "attack_knockback": {},
    "flight_speed": {},
    "step_height": {},
    "knockback_resist": {},
    "reach": {},
    "health": {},
    "attack_speed": {},
    "attack_dmg": {}
  }
}