{
  "minecraft:adventure/root": {
    "criteria": {
      "killed_by_something": "2024-10-19 03:17:12 +0000"
    },
    "done": true
  },
  "sandworm_mod:root": {
    "criteria": {
      "requirement": "2024-10-19 03:15:16 +0000"
    },
    "done": true
  },
  "minecraft:adventure/adventuring_time": {
    "criteria": {
      "minecraft:plains": "2024-10-19 03:15:16 +0000"
    },
    "done": false
  },
  "parcool:grant_parcool_guide": {
    "criteria": {
      "tick": "2024-10-19 03:15:12 +0000"
    },
    "done": true
  },
  "create:root": {
    "criteria": {
      "0": "2024-10-19 03:15:11 +0000"
    },
    "done": true
  },
  "DataVersion": 3465
}