{
  "create:root": {
    "criteria": {
      "0": "2024-10-23 04:22:25 +0000"
    },
    "done": true
  },
  "parcool:grant_parcool_guide": {
    "criteria": {
      "tick": "2024-10-23 04:22:26 +0000"
    },
    "done": true
  },
  "sandworm_mod:root": {
    "criteria": {
      "requirement": "2024-10-23 04:22:28 +0000"
    },
    "done": true
  },
  "minecraft:adventure/adventuring_time": {
    "criteria": {
      "minecraft:birch_forest": "2024-10-23 05:51:32 +0000",
      "minecraft:beach": "2024-10-23 04:23:51 +0000",
      "minecraft:dark_forest": "2024-10-23 06:05:06 +0000",
      "minecraft:river": "2024-10-23 04:25:34 +0000",
      "minecraft:swamp": "2024-10-23 06:04:47 +0000",
      "minecraft:forest": "2024-10-23 05:36:11 +0000",
      "minecraft:lush_caves": "2024-10-23 05:52:47 +0000",
      "minecraft:windswept_forest": "2024-10-23 05:52:04 +0000",
      "minecraft:old_growth_birch_forest": "2024-10-23 06:34:32 +0000",
      "minecraft:plains": "2024-10-23 04:22:28 +0000"
    },
    "done": false
  },
  "minecraft:adventure/sleep_in_bed": {
    "criteria": {
      "slept_in_bed": "2024-10-23 04:33:06 +0000"
    },
    "done": true
  },
  "minecraft:husbandry/root": {
    "criteria": {
      "consumed_item": "2024-10-23 04:35:45 +0000"
    },
    "done": true
  },
  "alexsmobs:alexsmobs/root": {
    "criteria": {
      "useitem": "2024-10-23 04:35:45 +0000"
    },
    "done": true
  },
  "minecraft:husbandry/balanced_diet": {
    "criteria": {
      "sweet_berries": "2024-10-24 05:01:59 +0000",
      "baked_potato": "2024-10-23 05:21:43 +0000",
      "potato": "2024-10-23 04:57:44 +0000",
      "bread": "2024-10-24 05:01:30 +0000",
      "rotten_flesh": "2024-10-23 06:18:11 +0000",
      "cooked_chicken": "2024-10-23 05:21:16 +0000",
      "carrot": "2024-10-23 04:36:38 +0000"
    },
    "done": false
  },
  "realisticforgingores:hot_iron_burn": {
    "criteria": {
      "hot_iron_burn_0": "2024-10-23 04:37:14 +0000"
    },
    "done": true
  },
  "minecraft:adventure/root": {
    "criteria": {
      "killed_by_something": "2024-10-23 04:40:29 +0000"
    },
    "done": true
  },
  "minecraft:story/root": {
    "criteria": {
      "crafting_table": "2024-10-23 04:51:39 +0000"
    },
    "done": true
  },
  "minecraft:story/iron_tools": {
    "criteria": {
      "iron_pickaxe": "2024-10-23 04:52:14 +0000"
    },
    "done": true
  },
  "minecraft:husbandry/plant_seed": {
    "criteria": {
      "wheat": "2024-10-23 04:55:02 +0000"
    },
    "done": true
  },
  "minecraft:story/mine_stone": {
    "criteria": {
      "get_stone": "2024-10-23 05:03:46 +0000"
    },
    "done": true
  },
  "realisticforgingores:the_iron_age": {
    "criteria": {
      "the_iron_age_0": "2024-10-23 05:05:56 +0000"
    },
    "done": true
  },
  "realisticforgingores:cleaning_raw_iron_ore_advancement": {
    "criteria": {
      "cleaning_raw_iron_ore_advancement_0": "2024-10-23 05:17:10 +0000"
    },
    "done": true
  },
  "realisticforgingores:smithing_hammer_achievement": {
    "criteria": {
      "smithing_hammer_achievement_0": "2024-10-23 05:18:11 +0000"
    },
    "done": true
  },
  "realisticforgingores:realistic_forging": {
    "criteria": {
      "realistic_forging_0": "2024-10-23 05:26:56 +0000"
    },
    "done": true
  },
  "minecraft:story/smelt_iron": {
    "criteria": {
      "iron": "2024-10-23 05:26:56 +0000"
    },
    "done": true
  },
  "minecraft:adventure/kill_all_mobs": {
    "criteria": {
      "minecraft:skeleton": "2024-10-23 06:04:48 +0000",
      "minecraft:spider": "2024-10-23 06:11:10 +0000",
      "minecraft:creeper": "2024-10-23 05:35:09 +0000",
      "quark:forgotten": "2024-10-23 06:25:33 +0000",
      "minecraft:zombie": "2024-10-23 05:33:25 +0000"
    },
    "done": false
  },
  "minecraft:adventure/kill_a_mob": {
    "criteria": {
      "minecraft:zombie": "2024-10-23 05:33:25 +0000"
    },
    "done": true
  },
  "additionaladditions:obtain_chicken_nugget": {
    "criteria": {
      "obtain": "2024-10-23 05:34:23 +0000"
    },
    "done": true
  },
  "minecraft:story/obtain_armor": {
    "criteria": {
      "iron_leggings": "2024-10-23 05:59:09 +0000"
    },
    "done": true
  },
  "quark:get_all_corundum": {
    "criteria": {
      "violet": "2024-10-23 06:00:56 +0000"
    },
    "done": false
  },
  "minecraft:story/deflect_arrow": {
    "criteria": {
      "deflected_projectile": "2024-10-23 06:04:45 +0000"
    },
    "done": true
  },
  "realisticforgingores:first_pick_gold_ore": {
    "criteria": {
      "first_pick_gold_ore_0": "2024-10-23 06:05:57 +0000"
    },
    "done": true
  },
  "realisticforgingores:clean_gold_ore_in_river": {
    "criteria": {
      "clean_gold_ore_in_river_0": "2024-10-23 06:11:14 +0000"
    },
    "done": true
  },
  "realisticforgingores:mining_diamond_ore_advancement": {
    "criteria": {
      "mining_diamond_ore_advancement_0": "2024-10-23 06:13:43 +0000"
    },
    "done": true
  },
  "quark:get_forgotten_hat": {
    "criteria": {
      "get_forgotten_hat": "2024-10-23 06:25:37 +0000"
    },
    "done": true
  },
  "artifacts:amateur_archaeologist": {
    "criteria": {
      "find_artifact": "2024-10-23 06:31:49 +0000"
    },
    "done": true
  },
  "realisticforgingores:crafting_blacksmith_tongs_advancement": {
    "criteria": {
      "crafting_blacksmith_tongs_advancement_0": "2024-10-24 05:03:56 +0000"
    },
    "done": true
  },
  "DataVersion": 3465
}