{
  "parcool:grant_parcool_guide": {
    "criteria": {
      "tick": "2024-10-20 21:24:12 +0000"
    },
    "done": true
  },
  "create:root": {
    "criteria": {
      "0": "2024-10-20 21:24:12 +0000"
    },
    "done": true
  },
  "sandworm_mod:root": {
    "criteria": {
      "requirement": "2024-10-20 21:24:15 +0000"
    },
    "done": true
  },
  "minecraft:adventure/adventuring_time": {
    "criteria": {
      "minecraft:beach": "2024-10-20 21:35:53 +0000",
      "minecraft:river": "2024-10-20 21:37:53 +0000",
      "minecraft:plains": "2024-10-20 21:24:15 +0000"
    },
    "done": false
  },
  "minecraft:husbandry/root": {
    "criteria": {
      "consumed_item": "2024-10-20 21:26:11 +0000"
    },
    "done": true
  },
  "alexsmobs:alexsmobs/root": {
    "criteria": {
      "useitem": "2024-10-20 21:26:11 +0000"
    },
    "done": true
  },
  "minecraft:adventure/root": {
    "criteria": {
      "killed_something": "2024-10-20 21:26:27 +0000"
    },
    "done": true
  },
  "DataVersion": 3465
}