{
  "parcool:grant_parcool_guide": {
    "criteria": {
      "tick": "2024-10-18 23:51:27 +0000"
    },
    "done": true
  },
  "create:root": {
    "criteria": {
      "0": "2024-10-18 23:51:27 +0000"
    },
    "done": true
  },
  "sandworm_mod:root": {
    "criteria": {
      "requirement": "2024-10-18 23:51:30 +0000"
    },
    "done": true
  },
  "minecraft:adventure/adventuring_time": {
    "criteria": {
      "minecraft:cherry_grove": "2024-10-20 02:53:41 +0000",
      "minecraft:beach": "2024-10-19 03:57:41 +0000",
      "minecraft:river": "2024-10-19 04:12:09 +0000",
      "minecraft:grove": "2024-10-19 04:19:49 +0000",
      "minecraft:jagged_peaks": "2024-10-19 04:24:47 +0000",
      "minecraft:forest": "2024-10-19 04:12:44 +0000",
      "minecraft:meadow": "2024-10-19 04:12:51 +0000",
      "minecraft:plains": "2024-10-18 23:51:30 +0000"
    },
    "done": false
  },
  "minecraft:adventure/root": {
    "criteria": {
      "killed_something": "2024-10-18 23:55:25 +0000"
    },
    "done": true
  },
  "minecraft:husbandry/balanced_diet": {
    "criteria": {
      "beef": "2024-10-18 23:55:29 +0000",
      "porkchop": "2024-10-19 03:59:09 +0000",
      "apple": "2024-10-19 05:04:13 +0000",
      "mutton": "2024-10-19 03:49:12 +0000",
      "bread": "2024-10-19 04:25:12 +0000",
      "cooked_chicken": "2024-10-20 02:48:51 +0000"
    },
    "done": false
  },
  "minecraft:husbandry/root": {
    "criteria": {
      "consumed_item": "2024-10-18 23:55:29 +0000"
    },
    "done": true
  },
  "minecraft:adventure/kill_all_mobs": {
    "criteria": {
      "minecraft:skeleton": "2024-10-19 04:42:54 +0000",
      "minecraft:spider": "2024-10-19 03:59:41 +0000",
      "minecraft:creeper": "2024-10-19 04:54:48 +0000",
      "minecraft:zombie": "2024-10-19 03:46:33 +0000",
      "minecraft:drowned": "2024-10-20 02:54:41 +0000"
    },
    "done": false
  },
  "minecraft:adventure/kill_a_mob": {
    "criteria": {
      "minecraft:zombie": "2024-10-19 03:46:33 +0000"
    },
    "done": true
  },
  "additionaladditions:obtain_chicken_nugget": {
    "criteria": {
      "obtain": "2024-10-19 03:46:38 +0000"
    },
    "done": true
  },
  "minecraft:story/root": {
    "criteria": {
      "crafting_table": "2024-10-19 03:52:15 +0000"
    },
    "done": true
  },
  "alexsmobs:alexsmobs/seagull_steal": {
    "criteria": {
      "ex": "2024-10-19 03:54:02 +0000"
    },
    "done": true
  },
  "realisticforgingores:two_sticks_advancements": {
    "criteria": {
      "two_sticks_advancements_0": "2024-10-19 03:56:33 +0000"
    },
    "done": true
  },
  "realisticforgingores:getting_big_stone": {
    "criteria": {
      "getting_big_stone_0": "2024-10-19 04:03:16 +0000"
    },
    "done": true
  },
  "minecraft:story/mine_stone": {
    "criteria": {
      "get_stone": "2024-10-19 04:08:34 +0000"
    },
    "done": true
  },
  "minecraft:story/upgrade_tools": {
    "criteria": {
      "stone_pickaxe": "2024-10-19 04:08:46 +0000"
    },
    "done": true
  },
  "minecraft:adventure/sleep_in_bed": {
    "criteria": {
      "slept_in_bed": "2024-10-19 04:15:32 +0000"
    },
    "done": true
  },
  "alexsmobs:alexsmobs/root": {
    "criteria": {
      "useitem": "2024-10-19 04:18:29 +0000"
    },
    "done": true
  },
  "realisticforgingores:the_iron_age": {
    "criteria": {
      "the_iron_age_0": "2024-10-19 04:20:46 +0000"
    },
    "done": true
  },
  "minecraft:husbandry/tame_an_animal": {
    "criteria": {
      "tamed_animal": "2024-10-19 04:22:31 +0000"
    },
    "done": true
  },
  "realisticforgingores:cleaning_raw_iron_ore_advancement": {
    "criteria": {
      "cleaning_raw_iron_ore_advancement_0": "2024-10-19 04:28:35 +0000"
    },
    "done": true
  },
  "realisticforgingores:smithing_hammer_achievement": {
    "criteria": {
      "smithing_hammer_achievement_0": "2024-10-19 04:29:13 +0000"
    },
    "done": true
  },
  "realisticforgingores:realistic_forging": {
    "criteria": {
      "realistic_forging_0": "2024-10-19 04:29:32 +0000"
    },
    "done": true
  },
  "minecraft:story/smelt_iron": {
    "criteria": {
      "iron": "2024-10-19 04:29:32 +0000"
    },
    "done": true
  },
  "minecraft:story/iron_tools": {
    "criteria": {
      "iron_pickaxe": "2024-10-19 04:30:32 +0000"
    },
    "done": true
  },
  "minecraft:story/deflect_arrow": {
    "criteria": {
      "deflected_projectile": "2024-10-19 04:42:32 +0000"
    },
    "done": true
  },
  "realisticforgingores:gettingcopper_advancement": {
    "criteria": {
      "gettingcopper_advancement_0": "2024-10-19 04:46:44 +0000"
    },
    "done": true
  },
  "realisticforgingores:mining_emerald_advancement": {
    "criteria": {
      "mining_emerald_advancement_0": "2024-10-19 04:52:08 +0000"
    },
    "done": true
  },
  "minecraft:husbandry/plant_seed": {
    "criteria": {
      "wheat": "2024-10-19 04:57:47 +0000"
    },
    "done": true
  },
  "realisticforgingores:crafting_blacksmith_tongs_advancement": {
    "criteria": {
      "crafting_blacksmith_tongs_advancement_0": "2024-10-19 05:05:52 +0000"
    },
    "done": true
  },
  "minecraft:story/obtain_armor": {
    "criteria": {
      "iron_chestplate": "2024-10-19 05:13:41 +0000"
    },
    "done": true
  },
  "realisticforgingores:hot_iron_burn": {
    "criteria": {
      "hot_iron_burn_0": "2024-10-19 05:15:15 +0000"
    },
    "done": true
  },
  "DataVersion": 3465
}