{
  "parcool:grant_parcool_guide": {
    "criteria": {
      "tick": "2024-10-21 05:54:59 +0000"
    },
    "done": true
  },
  "create:root": {
    "criteria": {
      "0": "2024-10-21 05:54:59 +0000"
    },
    "done": true
  },
  "sandworm_mod:root": {
    "criteria": {
      "requirement": "2024-10-21 05:55:00 +0000"
    },
    "done": true
  },
  "minecraft:adventure/adventuring_time": {
    "criteria": {
      "minecraft:beach": "2024-10-21 05:59:33 +0000",
      "minecraft:river": "2024-10-21 05:58:20 +0000",
      "minecraft:forest": "2024-10-21 06:04:47 +0000",
      "minecraft:plains": "2024-10-21 05:55:00 +0000"
    },
    "done": false
  },
  "minecraft:adventure/root": {
    "criteria": {
      "killed_something": "2024-10-21 05:57:17 +0000"
    },
    "done": true
  },
  "minecraft:adventure/kill_all_mobs": {
    "criteria": {
      "minecraft:pillager": "2024-10-22 21:43:30 +0000",
      "minecraft:skeleton": "2024-10-22 21:35:59 +0000",
      "minecraft:spider": "2024-10-21 05:57:17 +0000",
      "minecraft:creeper": "2024-10-22 06:29:14 +0000",
      "minecraft:zombie": "2024-10-22 06:40:09 +0000",
      "minecraft:drowned": "2024-10-22 23:19:19 +0000",
      "minecraft:zombie_villager": "2024-10-22 22:25:00 +0000"
    },
    "done": false
  },
  "minecraft:adventure/kill_a_mob": {
    "criteria": {
      "minecraft:spider": "2024-10-21 05:57:17 +0000"
    },
    "done": true
  },
  "minecraft:story/root": {
    "criteria": {
      "crafting_table": "2024-10-21 06:02:20 +0000"
    },
    "done": true
  },
  "minecraft:husbandry/balanced_diet": {
    "criteria": {
      "beef": "2024-10-21 06:13:13 +0000",
      "porkchop": "2024-10-21 06:04:50 +0000",
      "apple": "2024-10-21 06:02:39 +0000",
      "bread": "2024-10-22 06:15:02 +0000"
    },
    "done": false
  },
  "minecraft:husbandry/root": {
    "criteria": {
      "consumed_item": "2024-10-21 06:02:39 +0000"
    },
    "done": true
  },
  "minecraft:story/smelt_iron": {
    "criteria": {
      "iron": "2024-10-21 06:10:49 +0000"
    },
    "done": true
  },
  "minecraft:adventure/sleep_in_bed": {
    "criteria": {
      "slept_in_bed": "2024-10-21 06:13:49 +0000"
    },
    "done": true
  },
  "realisticforgingores:smithing_hammer_achievement": {
    "criteria": {
      "smithing_hammer_achievement_0": "2024-10-22 05:54:03 +0000"
    },
    "done": true
  },
  "minecraft:story/mine_stone": {
    "criteria": {
      "get_stone": "2024-10-22 06:08:34 +0000"
    },
    "done": true
  },
  "minecraft:story/upgrade_tools": {
    "criteria": {
      "stone_pickaxe": "2024-10-22 06:09:43 +0000"
    },
    "done": true
  },
  "minecraft:story/iron_tools": {
    "criteria": {
      "iron_pickaxe": "2024-10-22 06:15:08 +0000"
    },
    "done": true
  },
  "minecraft:story/obtain_armor": {
    "criteria": {
      "iron_helmet": "2024-10-22 06:15:15 +0000"
    },
    "done": true
  },
  "additionaladditions:obtain_chicken_nugget": {
    "criteria": {
      "obtain": "2024-10-22 06:40:10 +0000"
    },
    "done": true
  },
  "realisticforgingores:getting_big_stone": {
    "criteria": {
      "getting_big_stone_0": "2024-10-22 06:53:48 +0000"
    },
    "done": true
  },
  "minecraft:husbandry/tame_an_animal": {
    "criteria": {
      "tamed_animal": "2024-10-22 21:29:39 +0000"
    },
    "done": true
  },
  "minecraft:story/deflect_arrow": {
    "criteria": {
      "deflected_projectile": "2024-10-22 21:35:55 +0000"
    },
    "done": true
  },
  "minecraft:husbandry/breed_an_animal": {
    "criteria": {
      "bred": "2024-10-22 21:57:55 +0000"
    },
    "done": true
  },
  "minecraft:husbandry/bred_all_animals": {
    "criteria": {
      "minecraft:chicken": "2024-10-22 21:59:40 +0000"
    },
    "done": false
  },
  "minecraft:adventure/shoot_arrow": {
    "criteria": {
      "shot_arrow": "2024-10-22 22:13:12 +0000"
    },
    "done": true
  },
  "realisticforgingores:the_iron_age": {
    "criteria": {
      "the_iron_age_0": "2024-10-22 22:16:32 +0000"
    },
    "done": true
  },
  "artifacts:amateur_archaeologist": {
    "criteria": {
      "find_artifact": "2024-10-22 22:31:16 +0000"
    },
    "done": true
  },
  "realisticforgingores:gettingcopper_advancement": {
    "criteria": {
      "gettingcopper_advancement_0": "2024-10-22 22:36:44 +0000"
    },
    "done": true
  },
  "realisticforgingores:cleaning_raw_iron_ore_advancement": {
    "criteria": {
      "cleaning_raw_iron_ore_advancement_0": "2024-10-22 22:55:44 +0000"
    },
    "done": true
  },
  "realisticforgingores:two_sticks_advancements": {
    "criteria": {
      "two_sticks_advancements_0": "2024-10-22 22:55:59 +0000"
    },
    "done": true
  },
  "realisticforgingores:realistic_forging": {
    "criteria": {
      "realistic_forging_0": "2024-10-22 22:56:41 +0000"
    },
    "done": true
  },
  "realisticforgingores:crafting_blacksmith_tongs_advancement": {
    "criteria": {
      "crafting_blacksmith_tongs_advancement_0": "2024-10-22 22:57:43 +0000"
    },
    "done": true
  },
  "realisticforgingores:hot_iron_burn": {
    "criteria": {
      "hot_iron_burn_0": "2024-10-22 23:27:58 +0000"
    },
    "done": true
  },
  "artifacts:chest_slayer": {
    "criteria": {
      "kill_mimic": "2024-10-22 23:44:12 +0000"
    },
    "done": true
  },
  "realisticforgingores:crafting_smithing_anvil": {
    "criteria": {
      "crafting_smithing_anvil_0": "2024-10-23 00:20:44 +0000"
    },
    "done": true
  },
  "DataVersion": 3465
}