{
  "minecraft:adventure/root": {
    "criteria": {
      "killed_something": "2024-10-21 05:57:17 +0000"
    },
    "done": true
  },
  "minecraft:adventure/kill_all_mobs": {
    "criteria": {
      "minecraft:spider": "2024-10-21 05:57:17 +0000"
    },
    "done": false
  },
  "sandworm_mod:root": {
    "criteria": {
      "requirement": "2024-10-21 05:55:00 +0000"
    },
    "done": true
  },
  "minecraft:adventure/kill_a_mob": {
    "criteria": {
      "minecraft:spider": "2024-10-21 05:57:17 +0000"
    },
    "done": true
  },
  "minecraft:adventure/adventuring_time": {
    "criteria": {
      "minecraft:beach": "2024-10-21 05:59:33 +0000",
      "minecraft:river": "2024-10-21 05:58:20 +0000",
      "minecraft:plains": "2024-10-21 05:55:00 +0000"
    },
    "done": false
  },
  "parcool:grant_parcool_guide": {
    "criteria": {
      "tick": "2024-10-21 05:54:59 +0000"
    },
    "done": true
  },
  "create:root": {
    "criteria": {
      "0": "2024-10-21 05:54:59 +0000"
    },
    "done": true
  },
  "DataVersion": 3465
}