{
  "parcool:grant_parcool_guide": {
    "criteria": {
      "tick": "2024-10-21 05:54:59 +0000"
    },
    "done": true
  },
  "create:root": {
    "criteria": {
      "0": "2024-10-21 05:54:59 +0000"
    },
    "done": true
  },
  "sandworm_mod:root": {
    "criteria": {
      "requirement": "2024-10-21 05:55:00 +0000"
    },
    "done": true
  },
  "minecraft:adventure/adventuring_time": {
    "criteria": {
      "minecraft:beach": "2024-10-21 05:59:33 +0000",
      "minecraft:river": "2024-10-21 05:58:20 +0000",
      "minecraft:forest": "2024-10-21 06:04:47 +0000",
      "minecraft:plains": "2024-10-21 05:55:00 +0000"
    },
    "done": false
  },
  "minecraft:adventure/root": {
    "criteria": {
      "killed_something": "2024-10-21 05:57:17 +0000"
    },
    "done": true
  },
  "minecraft:adventure/kill_all_mobs": {
    "criteria": {
      "minecraft:spider": "2024-10-21 05:57:17 +0000"
    },
    "done": false
  },
  "minecraft:adventure/kill_a_mob": {
    "criteria": {
      "minecraft:spider": "2024-10-21 05:57:17 +0000"
    },
    "done": true
  },
  "minecraft:story/root": {
    "criteria": {
      "crafting_table": "2024-10-21 06:02:20 +0000"
    },
    "done": true
  },
  "minecraft:husbandry/balanced_diet": {
    "criteria": {
      "beef": "2024-10-21 06:13:13 +0000",
      "porkchop": "2024-10-21 06:04:50 +0000",
      "apple": "2024-10-21 06:02:39 +0000"
    },
    "done": false
  },
  "minecraft:husbandry/root": {
    "criteria": {
      "consumed_item": "2024-10-21 06:02:39 +0000"
    },
    "done": true
  },
  "minecraft:story/smelt_iron": {
    "criteria": {
      "iron": "2024-10-21 06:10:49 +0000"
    },
    "done": true
  },
  "minecraft:adventure/sleep_in_bed": {
    "criteria": {
      "slept_in_bed": "2024-10-21 06:13:49 +0000"
    },
    "done": true
  },
  "realisticforgingores:smithing_hammer_achievement": {
    "criteria": {
      "smithing_hammer_achievement_0": "2024-10-22 05:54:03 +0000"
    },
    "done": true
  },
  "DataVersion": 3465
}