{
  "parcool:grant_parcool_guide": {
    "criteria": {
      "tick": "2024-10-21 05:46:47 +0000"
    },
    "done": true
  },
  "create:root": {
    "criteria": {
      "0": "2024-10-21 05:46:47 +0000"
    },
    "done": true
  },
  "sandworm_mod:root": {
    "criteria": {
      "requirement": "2024-10-21 05:46:49 +0000"
    },
    "done": true
  },
  "minecraft:adventure/adventuring_time": {
    "criteria": {
      "minecraft:taiga": "2024-10-23 00:33:45 +0000",
      "minecraft:birch_forest": "2024-10-23 00:33:26 +0000",
      "minecraft:beach": "2024-10-21 05:52:07 +0000",
      "minecraft:river": "2024-10-21 05:57:04 +0000",
      "minecraft:dripstone_caves": "2024-10-23 00:13:02 +0000",
      "minecraft:forest": "2024-10-22 22:51:36 +0000",
      "minecraft:windswept_forest": "2024-10-23 00:33:35 +0000",
      "minecraft:plains": "2024-10-21 05:46:49 +0000"
    },
    "done": false
  },
  "minecraft:husbandry/root": {
    "criteria": {
      "consumed_item": "2024-10-21 05:52:18 +0000"
    },
    "done": true
  },
  "alexsmobs:alexsmobs/root": {
    "criteria": {
      "useitem": "2024-10-21 05:52:18 +0000"
    },
    "done": true
  },
  "minecraft:husbandry/balanced_diet": {
    "criteria": {
      "chicken": "2024-10-22 06:40:00 +0000",
      "cooked_mutton": "2024-10-22 23:49:51 +0000",
      "sweet_berries": "2024-10-23 02:06:47 +0000",
      "cooked_beef": "2024-10-22 06:27:22 +0000",
      "apple": "2024-10-21 06:03:34 +0000",
      "potato": "2024-10-22 22:30:17 +0000",
      "bread": "2024-10-22 06:39:28 +0000",
      "rotten_flesh": "2024-10-22 22:44:48 +0000",
      "cooked_chicken": "2024-10-22 23:48:44 +0000",
      "carrot": "2024-10-22 22:48:34 +0000"
    },
    "done": false
  },
  "artifacts:amateur_archaeologist": {
    "criteria": {
      "find_artifact": "2024-10-21 06:11:24 +0000"
    },
    "done": true
  },
  "minecraft:adventure/sleep_in_bed": {
    "criteria": {
      "slept_in_bed": "2024-10-21 06:14:59 +0000"
    },
    "done": true
  },
  "minecraft:story/root": {
    "criteria": {
      "crafting_table": "2024-10-22 06:34:37 +0000"
    },
    "done": true
  },
  "minecraft:story/mine_stone": {
    "criteria": {
      "get_stone": "2024-10-22 06:36:12 +0000"
    },
    "done": true
  },
  "minecraft:story/upgrade_tools": {
    "criteria": {
      "stone_pickaxe": "2024-10-22 06:37:13 +0000"
    },
    "done": true
  },
  "minecraft:adventure/root": {
    "criteria": {
      "killed_something": "2024-10-22 06:39:24 +0000"
    },
    "done": true
  },
  "minecraft:adventure/kill_all_mobs": {
    "criteria": {
      "minecraft:skeleton": "2024-10-22 06:39:24 +0000",
      "minecraft:spider": "2024-10-22 22:39:47 +0000",
      "minecraft:creeper": "2024-10-22 23:20:56 +0000",
      "minecraft:zombie": "2024-10-22 07:04:15 +0000",
      "minecraft:drowned": "2024-10-22 22:23:44 +0000"
    },
    "done": false
  },
  "minecraft:adventure/kill_a_mob": {
    "criteria": {
      "minecraft:skeleton": "2024-10-22 06:39:24 +0000"
    },
    "done": true
  },
  "minecraft:story/smelt_iron": {
    "criteria": {
      "iron": "2024-10-22 22:23:45 +0000"
    },
    "done": true
  },
  "minecraft:story/obtain_armor": {
    "criteria": {
      "iron_helmet": "2024-10-22 22:30:47 +0000"
    },
    "done": true
  },
  "minecraft:story/iron_tools": {
    "criteria": {
      "iron_pickaxe": "2024-10-22 22:37:36 +0000"
    },
    "done": true
  },
  "realisticforgingores:gettingcopper_advancement": {
    "criteria": {
      "gettingcopper_advancement_0": "2024-10-22 23:05:01 +0000"
    },
    "done": true
  },
  "additionaladditions:obtain_chicken_nugget": {
    "criteria": {
      "obtain": "2024-10-22 23:36:27 +0000"
    },
    "done": true
  },
  "minecraft:story/deflect_arrow": {
    "criteria": {
      "deflected_projectile": "2024-10-22 23:59:56 +0000"
    },
    "done": true
  },
  "realisticforgingores:the_iron_age": {
    "criteria": {
      "the_iron_age_0": "2024-10-23 00:09:49 +0000"
    },
    "done": true
  },
  "realisticforgingores:first_pick_gold_ore": {
    "criteria": {
      "first_pick_gold_ore_0": "2024-10-23 00:11:18 +0000"
    },
    "done": true
  },
  "realisticforgingores:cleaning_raw_iron_ore_advancement": {
    "criteria": {
      "cleaning_raw_iron_ore_advancement_0": "2024-10-23 00:26:52 +0000"
    },
    "done": true
  },
  "realisticforgingores:two_sticks_advancements": {
    "criteria": {
      "two_sticks_advancements_0": "2024-10-23 02:07:44 +0000"
    },
    "done": true
  },
  "realisticforgingores:getting_big_stone": {
    "criteria": {
      "getting_big_stone_0": "2024-10-23 02:06:15 +0000"
    },
    "done": true
  },
  "DataVersion": 3465
}