{
  "sandworm_mod:root": {
    "criteria": {
      "requirement": "2024-10-21 05:46:49 +0000"
    },
    "done": true
  },
  "minecraft:adventure/adventuring_time": {
    "criteria": {
      "minecraft:plains": "2024-10-21 05:46:49 +0000"
    },
    "done": false
  },
  "parcool:grant_parcool_guide": {
    "criteria": {
      "tick": "2024-10-21 05:46:47 +0000"
    },
    "done": true
  },
  "create:root": {
    "criteria": {
      "0": "2024-10-21 05:46:47 +0000"
    },
    "done": true
  },
  "DataVersion": 3465
}